S/N,statement,A1,A2,A3,target,source,text_origin
1,"Láº¹ÌyÃ¬n oÃºnjáº¹, oÃºnjáº¹ lÃ³kÃ n. Ãˆmi lÃ³kÃ n!",sarcastic,sarcastic,non-sarcastic,sarcastic,X,original
2,"A kÃ² gbá»Ìdá»Ì€ purá»Ì, a kÃ² gbá»Ìdá»Ì€ jale, YorÃ¹bÃ¡ dÃ¹n gan!",non-sarcastic,non-sarcastic,non-sarcastic,non-sarcastic,X,original
3,"KÃ² sÃ­ bÃ­ o bÃ¡ á¹£e Å„ jÃ¬yÃ  tÃ³, mÃ¡ á¹£e bÃ©Ã¨rÃ¨ Ã¬rÃ nlá»Ìwá»Ì lá»Ìwá»Ì áº¹nikáº¹Ìni. BÃ³ tiláº¹Ì€ jáº¹Ì pÃ© o lÃ¨ kÃº nÃ­gbÃ  sÃ³rÃ­ Ã¬jÃ¬yÃ  nÃ¡Ã , kÃ² sÃ­ áº¹ni tÃ­ yÃ³Ã² lÃ¨ sá» pÃ© Ã²un ti rÃ n á»Ì lá»Ìwá»Ì rÃ­",sarcastic,sarcastic,sarcastic,sarcastic,Instagram,original
4,Ã€sÃ sÃ­ kÃ¬Ã­ ran baby. áº¸ wÃ­ fÃºn alÃ¡wo yin tÃ³ nÃ­ ki áº¹ mÃº orÃºká» wÃ¡,non-sarcastic,sarcastic,non-sarcastic,non-sarcastic,X,original
5,"Oá¹£Ã³láº¹Ì€ Twitter ti gbÃ³rÃ­ wá»lÃ© o, wá»Ìn ti Å„ bÃ¨Ã¨rÃ¨ wÃ­pÃ© kÃ­ni orÃºká» wÃ  Ã ti orÃºká» Ã¬yÃ¡ tÃ³ bÃ­ wa lá»Ìmá»",sarcastic,sarcastic,sarcastic,sarcastic,X,original
6,"TÃ­ o bÃ¡ á¹£e áº¹Ì€á¹£áº¹Ì€ kan tÃ­ Ã wá»n agbÃ³finrÃ³ sÃ¬ Å„ wÃ¡ á» páº¹Ì€lÃº áº¹Ì€bÃ¹n tÃ­ a gbÃ© lÃ© á» lÃ³rÃ­, lá» kÃ­ o sÃ¬ fi ara ráº¹ hÃ n nÃ­ Ã gá»Ì á»lá»ÌpÃ Ã¡. BÃ³ tiláº¹Ì€ jáº¹Ì pÃ© wá»Ìn lÃ¨ fi á»Ì sáº¹Ìwá»Ì€n, o lÃ¨ gba áº¹Ì€bÃ¹n nÃ¡Ã  lÃ¡ti Ã gá»Ì á»lá»ÌpÃ Ã¡.",sarcastic,sarcastic,sarcastic,sarcastic,Instagram,original
7,"Wá»Ìn nÃ­ Ã wá»n kÃ n fáº¹Ì lo á»gbá»Ìn Ã rÃ©kÃ©rekÃ¨ fÃºn wa ni, ni mo ba kÃ­ wá»n wÃ­pÃ© adÃºpáº¹Ì tÃ­ kÃ² jÃ¹ bÃ¡yáº¹n lá». ÃŒyáº¹n á¹£Ã­ dÃ¡ra ju jÃ­jÃ wÃ¡ lÃ³lÃ¨ lá»",sarcastic,sarcastic,sarcastic,sarcastic,Facebook,original
8,"A tá»rá» owÃ³ lá»wá» yÃ­n, áº¹ sÃ¬ nÃ­ kÃ­ a wÃ¡a gba nÃ­lÃ©, Ã¨wo lÃ³ wÃ¡Ã¡ fa áº¹Ì€wá»Ì€n?",non-sarcastic,sarcastic,non-sarcastic,non-sarcastic,Facebook,original
9,á»Œmá» nÃ¡Ã  pupa bÃ­i tÃ¡Ã¡yÃ  á»ká»,sarcastic,sarcastic,sarcastic,sarcastic,Crowdsourcing,original
10,"ÃŒwá» lo gbá»Ìn jÃ¹ nÃ­nÃº gbogbo á»má» tÃ­ Ã¬yÃ¡ ráº¹ bÃ­, á»lá»Ìpá»lá» áº¹ja",sarcastic,sarcastic,sarcastic,sarcastic,Crowdsourcing,original
11,"Ã€Ã¬gbá»ÌfÃ¡ lÃ  Å„ wÃ²kÃ¨, ifÃ¡ kan kÃ²sÃ­ nÃ­ pÃ¡rÃ¡",non-sarcastic,sarcastic,non-sarcastic,non-sarcastic,Crowdsourcing,original
12,á»Œ fáº¹Ìáº¹Ì má» ibi tÃ³ yáº¹ kÃ­ o gbesÃ­ Ã bÃ­?  O lÃ¨ wÃ¡Ã¡ gbe sÃ­mi lÃ³rÃ­,sarcastic,sarcastic,sarcastic,sarcastic,Crowdsourcing,original
13,KÃ² nÃ­Ã­ da fÃºn á»má» Ã¬yÃ¡ tÃ­ kÃ² fáº¹ÌrÃ n ara wá»n,non-sarcastic,sarcastic,non-sarcastic,non-sarcastic,Facebook,original
14,"Ã“ bimÃ­ lÃ©Ã¨rÃ¨ wÃ­pÃ© erÃ© wo ni kÃ¡ wÃ², mo sÃ¬ nÃ¬ kÃ³ jáº¹Ì kÃ­ a wo wÃ¨rÃ¨",sarcastic,sarcastic,sarcastic,sarcastic,Facebook,original
15,"MÃ¡ báº¹Ì€rÃ¹ lÃ¡ti wÃ  nÃ­ Ã tÃ¬má»ÌlÃ©, nÃ­torÃ­ o lÃ¨ pÃ dÃ© olÃ¹rÃ nlá»Ìwá»Ì ráº¹ nÃ­báº¹Ì€, bÃ³ tiláº¹Ì€ jáº¹Ì pÃ© o mÃ¡a jÃ¬yÃ  nÃ­nÃº áº¹Ì€wá»Ì€n.",sarcastic,sarcastic,sarcastic,sarcastic,Instagram,original
16,OÃ² á¹£e kÃºkÃº lá» gbÃ© gbogbo áº¹rÃ¹ ráº¹ kÃ­ o á¹£Ã­ má»ÌrÃ­ kÃ­ o mÃ¡a bá»Ì€ nÃ­lÃ© á»ká» tÃ¨mi?,sarcastic,sarcastic,sarcastic,sarcastic,Facebook,original
17,"TÃ­ o bÃ¡ yÃ¡ áº¹nÃ¬kan lowÃ³ tÃ­ o kÃ² sÃ¬ má» ibi tÃ­ Ã³ wÃ  má»Ì, wÃ¡ áº¹nÃ¬kan tÃ­ Ã³ sÃºn má»Ì á»n kÃ­ o sÃ¬ tÃºn yÃ¡ Ã¬yáº¹n nÃ¡Ã  lÃ³wÃ³, bÃ³ tiláº¹Ì€ jáº¹Ì pÃ© o lÃ¨ mÃ¡ rÃ­ owÃ³ mÃ©jÃ¨Ã¨jÃ¬ gbÃ ",sarcastic,sarcastic,sarcastic,sarcastic,Instagram,original
18,"á»Œmá» yÃ­ gá»Ì€, Ã³ fi áº¹nu á» ara",non-sarcastic,sarcastic,non-sarcastic,non-sarcastic,Crowdsourcing,original
19,Ã’á¹£Ã¨lÃº iláº¹Ì€ NÃ Ã¬jÃ­rÃ­Ã  lÃ³ dÃ¡ra jÃ¹ nÃ­ gbogbo Ã gbÃ¡yÃ©!,sarcastic,sarcastic,sarcastic,sarcastic,Crowdsourcing,original
20,A nÃ­lo Ã wá»n aá¹£ojÃº tÃ³ kÃ¡jÃº Ã²á¹£Ã¹wá»Ì€n,non-sarcastic,non-sarcastic,non-sarcastic,non-sarcastic,Crowdsourcing,original
21,ÃŒwÃºrÃ­ Å„lÃ¡ ni fÃºn mi pÃ© Ã Ã ráº¹ áº¹gbáº¹Ì á»má» YorÃ¹bÃ¡ ni Ã¬lÃº FaransÃ© wÃ¡ si pÃ¡pÃ¡ká»Ì€ Ã²fÃºrufÃº lÃ¡ti wÃ¡ gbÃ© mi loni ni Ã¬lu parisi lai fun wá»n asiko tÃ³ tÃ³,non-sarcastic,non-sarcastic,non-sarcastic,non-sarcastic,X,original
22,"Awaká»Ì€ kan wa á»ká»Ì€ wá» Ã Ã rin Ã¨rÃ² nÃ­bi tÃ­ wá»n tÃ­ Å„ á¹£'Ã já»Ì€dÃºn, á»Ì€pá»Ì€ áº¹Ì€mÃ­ sÃ¹n",non-sarcastic,non-sarcastic,non-sarcastic,non-sarcastic,BBC News,original
23,"Gbogbo áº¹Ì€ka á»rá»Ì€ ajÃ©, Ã¨tÃ² Ã¬rÃ¬nnÃ , ilÃ©Ã¨wÃ²sÃ n, Ã ti Ã wá»n ilÃ© Ã¬tajÃ  lÃ³ ti dáº¹nuká»láº¹ láº¹ÌyÃ¬n tÃ­ inÃ¡ lá» nÃ­ orÃ­láº¹Ì€Ã¨dÃ¨ mÃ©jÃ¨Ã©jÃ¬.",non-sarcastic,non-sarcastic,non-sarcastic,non-sarcastic,BBC News,original
24,á¹¢Ã© lÃ³Ã²tá»Ì ni GÃ³mÃ¬nÃ  Adeleke Å„ gbÃ¨rÃ² lÃ¡ti báº¹Ì kÃ¬jÃ  kÃºrÃ² nÃ­ PDP lá» sÃ­ APC?,non-sarcastic,non-sarcastic,non-sarcastic,non-sarcastic,BBC News,original
25,á¹¢Ã© lÃ³Ã²Ã³tá»Ì ni pÃ© Naijiria ti di orÃ­láº¹Ì€Ã¨dÃ¨ áº¹láº¹Ìgbáº¹Ì Ã²á¹£Ã¨lÃº kan?,non-sarcastic,non-sarcastic,non-sarcastic,non-sarcastic,BBC News,original
26,KÃ² á¹£e Ã© mÃ¡ gbá»Ì€ á»Ì,non-sarcastic,non-sarcastic,non-sarcastic,non-sarcastic,BBC News,original
27,"""Wá»Ìn fáº¹Ì pÃ Ã yÃ n ni"" - BBC á¹£e Ã¬dÃ¡nimá»Ì€ Ã wá»n áº¹Ì€á¹£á»Ì alÃ¡Ã bÃ² tÃ³ yÃ¬nbá»n p'Ã wá»n tÃ³ á¹£Ã¨wá»Ìde tako owÃ³ orÃ­ tuntun nÃ­ Kenya",non-sarcastic,non-sarcastic,non-sarcastic,non-sarcastic,BBC News,original
28,"Láº¹ÌyÃ¬n Ã¬sÃ¬nkÃº PÃ³Ã²pÃ¹ Francis, ÃŒjá» KÃ¡tÃ³lÃ­Ã¬kÃ¬ kÃ©de á»já»Ì tÃ­ wá»n yÃ³Ã² yÃ n pÃ³Ã²pÃ¹ tuntun",non-sarcastic,non-sarcastic,non-sarcastic,non-sarcastic,BBC News,original
29,NDIC báº¹Ì€ráº¹Ì€ sÃ­san owÃ³ fÃºn Ã wá»n tÃ³ fowÃ³pamá»Ì sÃ­ Heritage Bank to kÃ³gbÃ¡wá»lÃ©,non-sarcastic,non-sarcastic,non-sarcastic,non-sarcastic,BBC News,original
30,áº¸sáº¹Ì€ áº¹láº¹Ìsáº¹Ì€ nÃ­Ã­ gbÃ© Ã²kÃº wá» isÃ ,non-sarcastic,sarcastic,non-sarcastic,non-sarcastic,YouTube,original
31,FBI mÃº Ã¨Ã¨yÃ n 22 nÃ­ Naijiria fÃºn áº¹Ì€sÃ¹n fÃ­fi Ã wÃ²rÃ n Ã¬hÃ²hÃ² lu jÃ¬bÃ¬tÃ¬ lÃ³rÃ­ ayÃ©lujÃ¡ra,non-sarcastic,non-sarcastic,non-sarcastic,non-sarcastic,BBC News,original
32,Ã€já» NAPTIP dÃ³Ã²lÃ  á»má» Naijiria máº¹ÌsÃ n-an tÃ­ wá»Ìn fáº¹Ìáº¹Ì tÃ n á¹£Ã²wÃ² áº¹rÃº lá» si Libya,non-sarcastic,non-sarcastic,non-sarcastic,non-sarcastic,BBC News,original
33,"IÌ€buÌgbaÌ€muÌ€ Iran gbeÌ£Ì€miÌ eÌ€eÌ€yaÌ€n meÌjiÌ€diÌnloÌguÌn, 800 miÌiÌ€ farapa",non-sarcastic,non-sarcastic,non-sarcastic,non-sarcastic,BBC News,original
34,"Oyinkan Abayomi: AjÃ fáº¹Ìtá»Ì€á»Ì áº¹ni tÃ³ dÃ¡ áº¹gbáº¹Ì Ã²á¹£Ã¨lÃº obÃ¬nrin Ã ká»Ìká»Ì sÃ­láº¹Ì€, tÃ³ tÃºn jÃ  fÃºn Ã¨tÃ² áº¹Ì€ká»Ì, Ã¬á¹£Ã¨lÃº Ã ti Ã²mÃ¬nira obÃ¬nrin",non-sarcastic,non-sarcastic,non-sarcastic,non-sarcastic,BBC News,original
35,BÃ­ Ã¨tÃ² Ã¬sÃ¬nkÃº Pope Francis yÃ³Ã² á¹£e wÃ¡yÃ© Ã ti Ã wá»n Ã¨Ã¨yÃ n tÃ­ yÃ³Ã² wÃ  nÃ­báº¹Ì€,non-sarcastic,non-sarcastic,non-sarcastic,non-sarcastic,BBC News,original
36,"NiMET dÃ¡ Ã¬yaná¹£áº¹ÌlÃ³dÃ¬ dÃºrÃ³, fÃºn Ã¬já»ba nÃ­ gbÃ¨dÃ©ke lÃ¡ti dÃ¡hÃ¹n Ã wá»n Ã¬bÃ©Ã¨rÃ¨ wá»n",non-sarcastic,non-sarcastic,non-sarcastic,non-sarcastic,BBC News,original
37,Ã€wá»n Ã²rÃ¬á¹£Ã  mÃ©je Ã¬á¹£áº¹Ì€mbÃ¡yÃ© tÃ³ di iláº¹Ì€ gbogbo Ã gbÃ¡yÃ© mÃº,non-sarcastic,non-sarcastic,non-sarcastic,non-sarcastic,BBC News,original
38,"AlÃ gbÃ  ni á»ká» mi nÃ­ á¹£á»Ìá»Ì€á¹£Ã¬, wÃ²Ã³lÃ¬ ni mÃ­ fÃºn ogÃºn á»dÃºn kÃ­ Å„ tÃ³ di Yeye Olokun - Omolara Fanimokun",non-sarcastic,non-sarcastic,non-sarcastic,non-sarcastic,BBC News,original
39,IlÃ©eá¹£áº¹Ì olÃ³gun báº¹Ì€ráº¹Ì€ Ã¬gbÃ©sáº¹Ì€ á»Ì€tun lÃ³ri áº¹gbáº¹Ì agbÃ©bá»n Mahmuda tÃ³ n á¹£oro nÃ­ Kwara,non-sarcastic,non-sarcastic,non-sarcastic,non-sarcastic,BBC News,original
40,"'GbÃ¨sÃ¨ ni mo fi tá»Ì Ã wá»n Ã¬bejÃ¬ tÃ³ gba First Class, tayá» jÃ¹ lá» nÃ­ UI'",non-sarcastic,non-sarcastic,non-sarcastic,non-sarcastic,BBC News,original
41,"'A kÃ n á¹£Ã dÃ©dÃ© rÃ­ Ã wá»n agbÃ©bá»n tÃ­ wá»Ìn á¹£Ã­nÃ¡ Ã¬bá»n boláº¹Ì€, pa Ã¨Ã¨yÃ n máº¹Ìjá», inÃº Ã¬báº¹Ì€rÃ¹ lÃ  Å„ gbÃ© bÃ¡yÃ¬Ã­'",non-sarcastic,non-sarcastic,non-sarcastic,non-sarcastic,BBC News,original
42,"áº¸ fura o! ÃˆÃ¨yÃ n 135,000 lÃ³ nÃ­ HIV l'Eko nÃ¬kan - Wo bÃ­ o á¹£e lÃ¨ dÃ¡Ã bÃ² bo ara ráº¹",non-sarcastic,non-sarcastic,non-sarcastic,non-sarcastic,BBC News,original
43,BÃ¡wo ni Ã wá»n ohun Ã¨Ã¨lÃ² Ã¬kunjÃº tÃ­ Ã² Å„ lÃ² á¹£e burÃº sÃ­?,non-sarcastic,non-sarcastic,non-sarcastic,non-sarcastic,BBC News,original
44,á¹¢Ã© lÃ³Ã²Ã³tá»Ì ni pÃ© ilÃ© ejá»Ì€ nÃ­ kÃ­ wÃ³Ì£n fi Simon Ekpa rÃ¡ná¹£áº¹Ì sÃ­ Naijiria?,non-sarcastic,non-sarcastic,non-sarcastic,non-sarcastic,BBC News,original
45,"OÌ£woÌ£Ì oÌ£loÌ£ÌpaÌ€aÌ teÌ£ aÌ€woÌ£n toÌ nÌ fi eÌ€eÌ€yaÌ€n sÌ£oÌ€woÌ€ eÌ£ruÌ niÌ Ibadan, doÌoÌ€laÌ€ eÌ€eÌ€yaÌ€n 84",non-sarcastic,non-sarcastic,non-sarcastic,non-sarcastic,BBC News,original
46,Wá»Ìn ti sin Ã²kÃº Pope Francis - áº¸ wo bÃ­ Ã¨tÃ² Ã¬sÃ¬nkÃº nÃ Ã¡ á¹£e lá»,non-sarcastic,non-sarcastic,non-sarcastic,non-sarcastic,BBC News,original
47,"Aká»rin tÃ kasÃºfÃ¨Ã©, Terry Apala, di Ã¨Ã¨rÃ² áº¹Ì€wá»Ì€n fÃºn áº¹Ì€sÃ¹n pÃ© Ã³ tÃ bÃ¹kÃ¹ owÃ³ nÃ¡Ã­rÃ ",non-sarcastic,non-sarcastic,non-sarcastic,non-sarcastic,BBC News,original
48,Ã“ sÃ n kÃ­ o dÃ¡ ilÃ©moá¹£Ãº ju kÃ­ o mÃ¡a táº¹rÃ­ba fá»ÌkÃ¹nrin lá»,sarcastic,sarcastic,sarcastic,sarcastic,BBC News,original
49,Wo Ã nfÃ Ã nÃ­ tÃ³ wÃ  nÃ­nÃº jÃ­jáº¹Ìun lÃ Ã­ kÃ¡njÃº,non-sarcastic,non-sarcastic,non-sarcastic,non-sarcastic,BBC News,original
50,BÃ­ o á¹£e le lo EtÃ­ Erin (Aloe Vera) fÃºn Ã¬á¹£aralÃ³ge Ã ti Ã¬wÃ²sÃ n Ã gá»Ì ara,non-sarcastic,non-sarcastic,non-sarcastic,non-sarcastic,BBC News,original
51,Ç¸ jáº¹Ì Ã² Å„ fá» nnÌ€kan Ã¬mumi ráº¹ dÃ¡adÃ¡a bÃ³ á¹£e yáº¹?,non-sarcastic,non-sarcastic,non-sarcastic,non-sarcastic,BBC News,original
52,á¹¢e Ã³ á¹£eÃ©á¹£e kÃ­ wá»Ìn yan PÃ³Ã²pÃ¹ tuntun lÃ¡ti Africa?,non-sarcastic,non-sarcastic,non-sarcastic,non-sarcastic,BBC News,original
53,"LÃ¡ti Ã¬báº¹Ì€ráº¹Ì€ ni á»ká» mi ti lawá»Ì sÃ­ mi, lÃ¨mi nÃ¡Ã  gbá»dá»Ì€ á¹£e jáº¹Ì á»má» dÃ¡adÃ¡a - Shade Okoya",non-sarcastic,non-sarcastic,non-sarcastic,non-sarcastic,BBC News,original
54,"'Ebi ká»Ì lÃ³ mÃº kÃ­ Ã wá»n á»má» mi mÃ¡a bÃ¡ mi á¹£iá¹£áº¹Ì fá»ga, kÃ­ á»já»Ì á»Ì€la wá»n le dÃ¡ra ni'",non-sarcastic,non-sarcastic,non-sarcastic,non-sarcastic,BBC News,original
55,'MÃ² n fi Ã¨dÃ¨ ÃŒjáº¹Ì€bÃº ká»Ì Ã wá»n akáº¹Ìká»Ì€á»Ì mi nÃ­ Ã¬á¹£irÃ² nÃ­torÃ­ mo fáº¹Ì kÃ³ yÃ© wá»n dÃ¡Ã dÃ¡Ã ',non-sarcastic,non-sarcastic,non-sarcastic,non-sarcastic,BBC News,original
56,"ÃŒlÃº Igboho rÃ¨Ã©, nÃ­bi tÃ­ á»ba máº¹Ìta ti Å„ á¹£Ã¨lÃº, ta ni ojÃºlÃ³wÃ³ á»ba lÃ¡Ã rin wá»n?",non-sarcastic,non-sarcastic,non-sarcastic,non-sarcastic,BBC News,original
57,á¹¢Ã³ o lÃ¡yÃ ? Tope Osoba faká»yá» nÃ­nÃº Ã¬má»Ì€ Ã¨dÃ¨ Yoruba,non-sarcastic,non-sarcastic,non-sarcastic,non-sarcastic,BBC News,original
58,"""N kÃ² báº¹Ì€ráº¹Ì€ iá¹£áº¹Ì ilÃ© kÃ­kÃ¹n páº¹Ì€lÃº owÃ³ gbÃ­gbÃ , owÃ³ á»ká»Ì€ Ã ti oÃºnjáº¹ Noodles nÃ¬kan ni wá»n Å„ fÃºn mi""",non-sarcastic,sarcastic,non-sarcastic,non-sarcastic,BBC News,original
59,"""Ã€pÃ¡ tÃ³ so sÃ­ Ã gbá»Ì€n mi (Keloid) lÃ³ fa iá¹£áº¹Ì abáº¹, mo lá» tan inÃ¡ sÃ³jÃº á»gbáº¹Ì nÃ¡Ã  Ã má»Ì UCH fá»Ì mi lÃ³jÃº""",non-sarcastic,non-sarcastic,non-sarcastic,non-sarcastic,BBC News,original
60,"Russia rá»Ì€jÃ² Ã dÃ³ olÃ³rÃ³ sÃ³rÃ­ Ukraine, Ã¨Ã¨yÃ n 34 kÃº, 117 mÃ­Ã¬ farapa",non-sarcastic,non-sarcastic,non-sarcastic,non-sarcastic,BBC News,original
61,Ohun tÃ³ yáº¹ kÃ­ o má»Ì€ nÃ­pa áº¹gbáº¹Ì agbÃ©bá»n Mahmuda tÃ³ Å„ á¹£oro nÃ­pÃ¬nláº¹Ì€ Kwara,non-sarcastic,non-sarcastic,non-sarcastic,non-sarcastic,BBC News,original
62,BÃ¡wo ni wá»Ìn á¹£e Å„ yan PÃ³Ã²pÃ¹ tuntun?,non-sarcastic,non-sarcastic,non-sarcastic,non-sarcastic,BBC News,original
63,PÃ¡sÃ­tá»Ì€ kÃ³ sÃ­ gbaga fÃºn á¹£Ã­á¹£e aá¹£emÃ¡á¹£e páº¹Ì€lÃº á»má»dÃ© tÃ³ jáº¹Ì Ã kÃ ndÃ¡ l'Ondo,non-sarcastic,non-sarcastic,non-sarcastic,non-sarcastic,BBC News,original
64,"AfurasÃ­ tÃ³ Å„ á¹£agolo-á¹£Ã gÃ² gÃºn á»má»-á»má» olÃ³rin Asiko, Comfort Omoge pa l'Ondo",non-sarcastic,non-sarcastic,non-sarcastic,non-sarcastic,BBC News,original
65,"ÃˆyÃ­ ni Ã¬dÃ­ tÃ­ mo á¹£e fi iá¹£áº¹Ì Fada sÃ­láº¹Ì€ nÃ­nÃº Ã¬já» Ã€gÃ¹da, tÃ­ mo sÃ¬ di onÃ­á¹£áº¹Ì€á¹£e",non-sarcastic,non-sarcastic,non-sarcastic,non-sarcastic,BBC News,original
66,"á»Œmá» Ghana máº¹ÌsÃ n Ã¡n tÃ­ wá»Ìn fi iá¹£áº¹Ì tÃ n kÃºrÃ² nÃ­lÃ©, bÃ¡ ara wá»n nÃ­gbÃ¨kÃ¹n  nÃ­ Mowe, nÃ­pÃ¬nláº¹Ì€ Ogun",non-sarcastic,non-sarcastic,non-sarcastic,non-sarcastic,BBC News,original
67,"Francis, áº¹Ì€á¹£á»Ì alÃ¡Ã bÃ² nÃ­lÃ© ijÃ³ tÃ³ di PÃ³Ã²pÃ¹ tÃ³ mÃº Ã yÃ­padÃ  Å„lÃ¡ bÃ¡ Ã¬já» KÃ¡tÃ³lÃ­Ã¬kÃ¬",non-sarcastic,non-sarcastic,non-sarcastic,non-sarcastic,BBC News,original
68,"KÃ¬nÃ¬Ãºn wá» ilÃ© onÃ­lÃ©, Ã³ pa á»má» á»dÃºn máº¹ÌrÃ¬nlÃ¡",non-sarcastic,non-sarcastic,non-sarcastic,non-sarcastic,BBC News,original
69,"Ã€wá»n ajÃ­nigbÃ© á¹£á»á¹£áº¹Ì nÃ­ Kwara, jÃ­ gbogbo Ã¨Ã¨rÃ² inÃº á»ká»Ì€ gbÃ©",non-sarcastic,non-sarcastic,non-sarcastic,non-sarcastic,BBC News,original
70,Lo ojÃº Ã²pÃ³ yÃ¬Ã­ lÃ¡ti má»Ì€ bÃ³yÃ¡ o nÃ­ Ã¬fÃºnpÃ¡ gÃ­ga tÃ bÃ­ wÃ  nÃ­nÃº ewu lÃ¡ti nÃ­ i,non-sarcastic,non-sarcastic,non-sarcastic,non-sarcastic,BBC News,original
71,Akáº¹Ìká»Ì€á»Ì fÃ¡sitÃ¬ OAU gan má»Ì inÃ¡ lÃ¡sÃ¬kÃ² tÃ³ Å„ gbÃ¡ bá»Ìá»Ì€lÃ¹,non-sarcastic,non-sarcastic,non-sarcastic,non-sarcastic,BBC News,original
72,"Christian Chukwu, aká»Ìnimá»Ì€á»ÌgbÃ¡ Super Eagles táº¹Ìláº¹Ì€, jÃ¡de lÃ¡yÃ©",non-sarcastic,non-sarcastic,non-sarcastic,non-sarcastic,BBC News,original
73,KÃ­ lÃ³ dÃ© tÃ­ áº¹nu fi Å„ kun áº¹gbáº¹Ì agbÃ¡bá»Ìá»Ì€lÃ¹ 3SC iláº¹Ì€ Ibadan?,non-sarcastic,non-sarcastic,non-sarcastic,non-sarcastic,BBC News,original
74,"á¹¢Ã© lÃ³Ã²tá»Ìá»Ì nÃ­ pÃ© gbÃ¨sÃ¨ lÃ³ lÃ© Segun Olanrewaju, abáº¹Ì€sáº¹ÌkÃ¹bÃ­Ã²jÃ² tÃ³ kÃº lÃ³jÃº Ã¬jÃ , padÃ  sÃ­dÃ¬Ã­ áº¹Ì€á¹£áº¹Ì kÃ­kÃ n? Ã€wá»n má»Ì€láº¹ÌbÃ­ ráº¹Ì€ sá»Ì€rá»Ì€",non-sarcastic,non-sarcastic,non-sarcastic,non-sarcastic,BBC News,original
75,"Abáº¹Ì€á¹£áº¹ÌkÃº-bÃ­-Ã²jÃ², George Foreman, jÃ¡de lÃ¡yÃ©",non-sarcastic,non-sarcastic,non-sarcastic,non-sarcastic,BBC News,original
76,"BÃ bÃ¡ onÃ­lÃ© yÃ¬nbá»n má»Ì á»má»dÃ© tÃ³ gbÃ¡ bá»Ìá»Ì€lÃ¹ sÃ­nÃº á»gbÃ  ilÃ© ráº¹Ì€, á»Ì€rá»Ì€ báº¹ÌyÃ¬n yá»",non-sarcastic,non-sarcastic,non-sarcastic,non-sarcastic,BBC News,original
77,'ÃŒfáº¹Ì tÃ­ mo nÃ­ sÃ­ á»Ì€bá» lÃ³ jáº¹Ì kÃ­ n báº¹Ì€ráº¹Ì€ erÃ© Ã¬dÃ¡rayÃ¡ lÃ­lo á»wá»Ì Ã ti áº¹sáº¹Ì€ fi sÃ¡rÃ©',non-sarcastic,non-sarcastic,non-sarcastic,non-sarcastic,BBC News,original
78,"Karim Adeyemi, agbÃ¡bá»Ìá»Ì€lÃ¹ á»má» Naijiria tÃ³ Å„ ran Ã wá»n á»Ì€dá»Ì lá»Ìwá»Ì",non-sarcastic,non-sarcastic,non-sarcastic,non-sarcastic,BBC News,original
79,"Má»Ì€ nÃ­pa á»dÃºn eÃ©gÃºn Ã¬lÃº Ekan-Meje, nÃ­bi tÃ³ ti jáº¹Ì Ã¨Ã¨wá»Ì€ lÃ¡ti gbÃ© Ã jáº¹kÃ¹ oÃºnjáº¹Ì lá» sÃ­lÃ© lÃ¡tibi á»dÃºn",non-sarcastic,non-sarcastic,non-sarcastic,non-sarcastic,BBC News,original
80,Eniola Badmus Ã ti Laide Bakare fÃ¬jÃ  páº¹Ìáº¹ta nÃ­bi Ã¬filá»Ìláº¹Ì€ fÃ­Ã¬mÃ¹ Eniola Ajao,non-sarcastic,non-sarcastic,non-sarcastic,non-sarcastic,BBC News,original
81,"Wo ilÃ©áº¹Ì€ká»Ì Ã wá»n olÃ³yÃºn tÃ­ wá»n ti Å„ gba Ã mÃ¬ áº¹Ì€yáº¹ fÃºn ijÃ³ jÃ­jÃ³, oge á¹£Ã­á¹£e Ã ti Ã¬má»ÌtÃ³tÃ³",non-sarcastic,non-sarcastic,non-sarcastic,non-sarcastic,BBC News,original
82,AgbÃ©bá»n jÃ­ pÃ¡sÃ­tá»Ì€ gbÃ© lÃ¡sÃ¬kÃ² Ã¬wÃ Ã¡sÃ¹ nÃ­nÃº á¹£á»Ìá»Ì€á¹£Ã¬,non-sarcastic,non-sarcastic,non-sarcastic,non-sarcastic,BBC News,original
83,Mi Ã² kÃ¡bÃ má»Ìá»Ì€ pÃ© Ã¬yÃ wÃ³ mi tÃ³ kÃº nigbÃ  tÃ³ fáº¹Ì bÃ­má» kÃ² forÃºká» sÃ­láº¹Ì€ nÃ­lÃ© Ã¬wÃ²sÃ n - Folajimi,non-sarcastic,sarcastic,non-sarcastic,non-sarcastic,BBC News,original
84,Ã€nÃ­ kÃ¡ fi á»Ì€rá»Ì€ á»Ì€hÃºn mu tÃ¡bÃ  nÃ­ gbáº¹Ìráº¹Ìfu. á»ŒÌ€rá»Ì€ burÃºkÃº tÃ²un táº¹Ì€rÃ­n,non-sarcastic,sarcastic,non-sarcastic,non-sarcastic,BBC News,original
85,áº¸ tÃºn fáº¹Ì gbÃ© wa má»Ìra Ã bÃ­? áº¸ ti pawÃ³ sÃ¡pÃ² yÃ­n tÃ¡n Ã bÃ­ báº¹Ìáº¹Ì€ ká»Ì?,non-sarcastic,sarcastic,non-sarcastic,non-sarcastic,BBC News,original
86,"PÃ tÃ kÃ¬ ni oyÃ¨ Kudáº¹fÃ¹ lÃ³de á»ŒÌ€yá»Ì, Gáº¹Ìgáº¹ÌbÃ­ alÃ¡Ã fin tÃ³ bÃ¡ jáº¹, bÃ­ Ã¨Ã¨yÃ n bÃ¡ ti jáº¹ KÃºdáº¹fÃ¹ kÃ² gbá»dá»Ì€ fi Ã Ã fin á»ŒÌ€yá»Ì sÃ­láº¹Ì€",non-sarcastic,non-sarcastic,non-sarcastic,non-sarcastic,X,original
87,á»ŒÌ€pá»Ì€lá»pá»Ì€ fÃ³Ã²nÃ¹ olÃ³wÃ³ iyebÃ­ye tuntun lÃ³ jÃ³nÃ¡ nÃ­nÃº Ã¬jÃ mbÃ¡ inÃ¡ á»Ì€hÃºn,non-sarcastic,non-sarcastic,non-sarcastic,non-sarcastic,BBC News,original
88,"Nláº¹ o, abÃ©wÃºráº¹Ì sá»Ì€rá»Ì€, wá»Ìn ti ká»Ì€Ç¹gá»Ì bá» Ã¬lÃ¹",non-sarcastic,sarcastic,non-sarcastic,non-sarcastic,BBC News,original
89,"ÃŒgbÃ  gbÃ¡ mi dÃ nÃ¹, mo wÃ¡ Å„hÃ¹wÃ  bÃ­ Ã ká»Ìá»Ì€gbÃ ",sarcastic,sarcastic,non-sarcastic,sarcastic,YouTube,original
90,Ata gÃ­gÃºn ni ilÃ© ayÃ©,sarcastic,sarcastic,non-sarcastic,sarcastic,YouTube,original
91,O ti nÃ­ Ã¬rÃ­rÃ­i tÃ¡lÃ¡kÃ¡ pÃºpá»Ì€,sarcastic,sarcastic,sarcastic,sarcastic,YouTube,original
92,"NÃ­bi tÃ­ mo ti Å„ á¹£iá¹£áº¹Ì, bÃ bÃ¡, mo wá»Ì ike owÃ³ kan ni jÃ re",sarcastic,sarcastic,non-sarcastic,sarcastic,YouTube,original
93,KÃ­lá»dÃ© tÃ­ o nÃ­ Ã©Å„jÃ¬nÃ¬ Benz tÃ­ o wÃ¡ Å„fi kÃ³rÃ³pe wÃ Ã¡?,sarcastic,sarcastic,non-sarcastic,sarcastic,YouTube,original
94,"TÃ­ wá»Ìn bÃ¡ ti nfi á»ká» ayá»Ìkáº¹Ìláº¹Ì gbe Ã¨nÃ¬yÃ n, yÃ³Ã² ma yá»Ì káº¹Ìláº¹Ìkáº¹Ìláº¹Ì ná»Ìá»Ì€ni",sarcastic,sarcastic,non-sarcastic,sarcastic,YouTube,original
95,"Láº¹ÌyÃ¬n Ã² ráº¹yÃ¬n, EFCC á¹£Ã lÃ yÃ© Ã¬dÃ­ tÃ­ VDM fi wÃ  nÃ­ Ã hÃ¡má»Ì ráº¹Ì€",sarcastic,non-sarcastic,non-sarcastic,non-sarcastic,YouTube,original
96,á»Œá»Ì€nÃ­ á¹£e pÃ tÃ kÃ¬ fÃºn Ã¬á¹£á»Ì€kan Ã ti Ã¬lá»sÃ­wÃ¡jÃº Naijiria â€“ Goodluck Jonathan,sarcastic,non-sarcastic,non-sarcastic,non-sarcastic,YouTube,original
97,"ÃŒdÃ­ rÃ¨Ã© tÃ­ á»Œlá»ÌpÃ Ã¡ Ã ti Amotekun á¹£e ká»jÃº Ã¬jÃ  sÃ­ra wá»n l'Ondo, tÃ­ á»Ì€pá»Ì€ Ã¨Ã¨yÃ n sÃ¬ farapa",non-sarcastic,non-sarcastic,non-sarcastic,non-sarcastic,BBC News,original
98,"KÃ­ lÃ³ Å„ fa Ã á¹£Ã¬á¹£e lÃ³rÃ­ Ã¨tÃ² áº¹Ì€yÃ¡wÃ³ akáº¹Ìká»Ì€á»Ì, tÃ¡wá»n akáº¹Ìká»Ì€á»ÌjÃ¡de fi Å„ rÃ­ áº¹Ì€yÃ¡wÃ³ nÃ¡Ã  gba?",non-sarcastic,sarcastic,non-sarcastic,non-sarcastic,BBC News,original
99,"""Amotekun gbÃ© Ã bÃºrÃ² mi lá»Ìjá»Ì Ã€Ã¬kÃº, pa Ã¡ lá»Ìjá»Ì AjÃ©, á»Ì€gÃ¡ wá»n Å„ báº¹Ì€ mi, kÃ­ Å„ gba N1m lÃ¡ti fi sin Ã­n""",non-sarcastic,sarcastic,non-sarcastic,non-sarcastic,BBC News,original
100,ÃŒyÃ wÃ³ ilÃ© mÃ©jÃ¬ dÃ¨rÃ² áº¹Ì€wá»Ì€n fÃºn fÃ­fi PoS ta owÃ³ nÃ¡Ã­rÃ  tÃ³ tÃ³ N3.8m Ã ti N1.6m,non-sarcastic,non-sarcastic,non-sarcastic,non-sarcastic,BBC News,original
101,á»Œlá»ÌpÃ Ã¡ á¹£Ã wÃ¡rÃ­ obÃ¬nrin tÃ³ sá»nÃ¹ lÃ¡ti á»dÃºn 1962,non-sarcastic,non-sarcastic,non-sarcastic,non-sarcastic,BBC News,original
102,Ã€lÃ yÃ© lÃ³rÃ­ Ã¬dÃ­ tÃ­ Ã€Ã ráº¹ Togo fi lÃ¨ wÃ  nÃ­pÃ² tÃ­tÃ­ lÃ¡Ã­,non-sarcastic,non-sarcastic,non-sarcastic,non-sarcastic,BBC News,original
103,ÃŒjá» Ã€gÃ¹dÃ  korÃ² ojÃº sÃ­ Trump lÃ³rÃ­ Ã wÃ²rÃ¡n ara Ã  ráº¹Ì€ bÃ­i PÃ³Ã²pÃ¹ tÃ³ gbÃ© sÃ­ta,non-sarcastic,non-sarcastic,non-sarcastic,non-sarcastic,BBC News,original
104,Wá»Ìn sá» fÃºn Ã¬yÃ¡ mi lÃ¡ti jÃ¹ mÃ­ nÃ¹ nÃ­ kÃ©kerÃ© nÃ­torÃ­ mo nÃ­ Ã Ã¬sÃ n 'Sickle Cell' Ã má»Ì mo tÃ­ pÃ© á»dÃºn 65 bÃ¡yÃ¬Ã­',non-sarcastic,non-sarcastic,non-sarcastic,non-sarcastic,BBC News,original
105,Wo Ã wá»n nÇ¹kan tÃ³ yáº¹ lÃ¡ti á¹£e tÃ­ o bÃ¡ fáº¹Ì mÃ¡a lo áº¹Ì€rá» a-mÃº-oÃºnjáº¹-gbÃ³nÃ¡,non-sarcastic,non-sarcastic,non-sarcastic,non-sarcastic,BBC News,original
106,á»Œlá»ÌpÃ Ã¡ bÃ¡ Ã²kÃº á»má» NÃ Ã¬jÃ­rÃ­Ã  tÃ­ wá»Ìn gÃºn pa sÃ­nÃº ilÃ© nÃ­ Ã³ ku á»Ì€sáº¹Ì€ mÃ©jÃ¬ tÃ³ mÃ¡a parÃ­ Ã¬káº¹Ìká»Ì€á»Ì ná»Ìá»Ì€sÃ¬ nÃ­ US,non-sarcastic,non-sarcastic,non-sarcastic,non-sarcastic,BBC News,original
107,"Ãˆmi ni á»Œba Fuji, kÃ­ Kwam 1 mÃ¡ pe ara ráº¹Ì€ báº¹Ìáº¹Ì€ má»Ì â€“ Kollington Ayinla",non-sarcastic,non-sarcastic,non-sarcastic,non-sarcastic,BBC News,original
108,Ç¸jáº¹Ì Ã²fin fÃ yÃ¨ gba GÃ³mÃ¬nÃ  lÃ¡ti fáº¹gbáº¹Ì Ã²á¹£Ã¨lÃº ráº¹Ì€ sÃ­láº¹Ì€ darapá»Ì€ má»Ì Ã²mÃ­rÃ n? Ohun tÃ­ a má»Ì€ rÃ¨Ã©,non-sarcastic,non-sarcastic,non-sarcastic,non-sarcastic,BBC News,original
109,ÃŒjá»ba Saudi Arabia kÃ©de Ã¬jÃ¬yÃ  tuntun fÃºn Ã wá»n tÃ³ Å„ wá» iláº¹Ì€ nÃ¡Ã  lá»ÌnÃ  Ã Ã¬tá»Ì,non-sarcastic,non-sarcastic,non-sarcastic,non-sarcastic,BBC News,original
110,Mo bÃ¹ sáº¹ÌkÃºn nÃ­gbÃ  tÃ­ mo rÃ­ fá»ÌnrÃ¡n Ã wá»n Ã¨Ã¨yÃ n kan tÃ³ Å„ fi mÃ­ á¹£e yáº¹Ì€yáº¹Ì nÃ­torÃ­ mi Ã² lá»Ìká» - Funke Akindele,non-sarcastic,non-sarcastic,non-sarcastic,non-sarcastic,BBC News,original
111,Darandaran tÃ³ fi mÃ Ã lÃºÃ¹ jáº¹ko l'Ondo gba Ã¬dÃ¡já»Ì áº¹Ì€wá»Ì€n á»dÃºn máº¹ÌwÃ Ã¡,non-sarcastic,non-sarcastic,non-sarcastic,non-sarcastic,BBC News,original
112,Má»Ì€ nÃ­pa Ã tuná¹£e mÃ¡rÃ¹n-un ti INEC fáº¹Ìáº¹Ì á¹£e sÃ­ Ã²fin Ã¬dÃ¬bÃ² iláº¹Ì€ Naijiria,non-sarcastic,non-sarcastic,non-sarcastic,non-sarcastic,BBC News,original
113,A Ã² gbÃ  pÃ© Ã¬dÃ¡já»Ì Ã²dodo ti wÃ¡yÃ© lÃ³rÃ­ ikÃº Bamise tÃ­ awaká»Ì€ BRT pa - áº¸bÃ­ Bamise Ayanwola fÃ¡rÃ­gÃ¡ láº¹ÌyÃ¬n Ã¬dÃ¡já»Ì,non-sarcastic,non-sarcastic,non-sarcastic,non-sarcastic,BBC News,original
114,A Ã² bÃ¡ ohun Ã¬gbÃ©á¹£Ã¹má»Ì€mÃ­ lÃ¡ra Nnamdi Kanu -áº¸láº¹ÌrÃ¬Ã­ tÃ­ DSS pÃ¨,non-sarcastic,non-sarcastic,non-sarcastic,non-sarcastic,BBC News,original
115,"ÃŒnÃ¡ tÃºn sá» nÃ­ Ibadan, á»Ì€pá»Ì€ dÃºkÃ¬Ã¡ tÃºn bÃ¡a lá»",non-sarcastic,non-sarcastic,non-sarcastic,non-sarcastic,BBC News,original
116,A á¹£e Ã á¹£Ã¬á¹£e fÃ­fi áº¹Ì€sÃ¹n jÃ¬bÃ¬tÃ¬ kan NELFUND- ICPC,non-sarcastic,non-sarcastic,non-sarcastic,non-sarcastic,BBC News,original
117,E-Money kÃ¬lá»Ì€ láº¹ÌyÃ¬n tÃ³ bá»Ì lá»Ìwá»Ì EFCC - áº¸ yÃ© tÃ bÃ¹kÃ¹ owÃ³ nÃ¡Ã­rÃ  má»Ì!,non-sarcastic,non-sarcastic,non-sarcastic,non-sarcastic,BBC News,original
118,NIMC á¹£e Ã fikÃºn iye owÃ³ Ã¬forÃºká»sÃ­láº¹Ì€ Ã ti Ã tÃºná¹£e NIN,non-sarcastic,non-sarcastic,non-sarcastic,non-sarcastic,BBC News,original
119,Ã€wá»n Ã²á¹£Ã¬á¹£áº¹Ì bÃ­nÃº sÃ­ Ã¬já»ba Naijiria lÃ¡yÃ Ã¡já»Ì á»já»Ì Ã²á¹£Ã¬á¹£áº¹Ì,non-sarcastic,non-sarcastic,non-sarcastic,non-sarcastic,BBC News,original
120,"KÃºdáº¹ÌfÃ¹, áº¹rÃº tÃ³ di áº¹máº¹Ì€wÃ  AlÃ¡Ã fin tÃ­ kÃ² sÃ¬ gbá»Ìdá»Ì€ fi Ã Ã fin á»ŒÌ€yá»Ì sÃ­láº¹Ì€",non-sarcastic,non-sarcastic,non-sarcastic,non-sarcastic,BBC News,original
121,Wo bÃ­ o á¹£e lÃ¨ má» ilÃ©eá¹£áº¹Ì tÃ³ fi orÃºká» sÃ­láº¹Ì€ páº¹Ì€lu CAC,non-sarcastic,non-sarcastic,non-sarcastic,non-sarcastic,BBC News,original
122,"Owu Waterfalls, ibÃ¹dÃ³ afáº¹Ì 'tÃ³ lÃ©wu nÃ­ lÃ­lá»Ì€ lÃ¡Ã¬ mÃº áº¹Ì€á¹£á»Ì alÃ¡Ã bÃ² dÃ¡ni'",non-sarcastic,non-sarcastic,non-sarcastic,non-sarcastic,BBC News,original
123,"Ta lÃ wá»n á»má» iláº¹Ì€ Africa máº¹Ìta tÃ³ ti jáº¹ PÃ³Ã²pÃ¹ Ã¬já» Ã€gÃ¹dÃ , kÃ­ lÃ² dÃ© tÃ­ alÃ¡wá»Ì€ dÃºdÃº kankan kÃ² dÃ©po nÃ¡Ã  má»Ì láº¹ÌyÃ¬n wá»n?",non-sarcastic,non-sarcastic,non-sarcastic,non-sarcastic,BBC News,original
124,"BÃ­ Ã wá»n Ã¨Ã¨yÃ n bÃ¡ rÃ­ mi, á»má» gÃ³mÃ¬nÃ  Adeleke ni wá»Ìn Å„ pÃ¨ mÃ­ nÃ­torÃ­ pÃ© a já»ra gidigidi'",non-sarcastic,non-sarcastic,non-sarcastic,non-sarcastic,BBC News,original
125,á»Œjá»Ì máº¹Ìrin ni á»ká» mi fi sÃ¡ kÃºrÃ² nÃ­lÃ© láº¹ÌyÃ¬n tÃ³ gbá»Ì pÃ© Ã¬báº¹ta ni mo bÃ­',non-sarcastic,non-sarcastic,non-sarcastic,non-sarcastic,BBC News,original
126,"GbÃ¨sÃ¨ ni mo fi tá»Ì Ã wá»n Ã¬bejÃ¬ tÃ³ gba First Class, tayá» jÃ¹ lá» nÃ­ UI'",non-sarcastic,non-sarcastic,non-sarcastic,non-sarcastic,BBC News,original
127,"Ebi ká»Ì lÃ³ mÃº kÃ­ Ã wá»n á»má» mi mÃ¡a bÃ¡ mi á¹£iá¹£áº¹Ì fá»ga, kÃ­ á»já»Ì á»Ì€la wá»n le dÃ¡ra ni'",non-sarcastic,non-sarcastic,non-sarcastic,non-sarcastic,BBC News,original
128,MÃ² n fi Ã¨dÃ¨ ÃŒjáº¹Ì€bÃº ká»Ì Ã wá»n akáº¹Ìká»Ì€á»Ì mi nÃ­ Ã¬á¹£irÃ² nÃ­torÃ­ mo fáº¹Ì kÃ³ yÃ© wá»n dÃ¡Ã dÃ¡Ã ',non-sarcastic,non-sarcastic,non-sarcastic,non-sarcastic,BBC News,original
129,"Láº¹ÌyÃ¬n á»dÃºn máº¹ta, erÃ² á»ká»Ì€ ojÃº irin pÃ dÃ© áº¹ni to jÃ¬ i gbe nÃ­ má»Ìá¹£Ã¡lÃ¡á¹£Ã­",non-sarcastic,non-sarcastic,non-sarcastic,non-sarcastic,BBC News,original
130,á¹¢Ã© lÃ³Ã²Ã³tá»Ì ni CBEX ti báº¹Ì€ráº¹Ì€ iá¹£áº¹Ì padÃ  nÃ­ Naijiria?,non-sarcastic,non-sarcastic,non-sarcastic,non-sarcastic,BBC News,original
131,"á»ŒÌ€rá»Ì€ Soun Ogbomoso Ã tÃ­ ÃŒmÃ¡Ã mÃ¹ Ã€gbÃ  tÃºn á¹£áº¹Ìyá», IlÃ©áº¹já»Ì so ÃŒmÃ¡Ã mÃ¹ lá»Ìwá»Ìká»Ì lÃ³rÃ­ Ã¬finjoyÃ¨, Soun nÃ­ Ã¬ká»jÃ¡-Ã yÃ¨ ni",non-sarcastic,non-sarcastic,non-sarcastic,non-sarcastic,BBC News,original
132,Wá»Ìn rÃ­ Ã²kÃº á»lá»ÌpÃ Ã¡ máº¹ta tÃ³ di Ã wÃ¡tÃ¬ nÃ­nÃº odÃ² láº¹ÌyÃ¬n á»já»Ì máº¹ÌfÃ ,non-sarcastic,non-sarcastic,non-sarcastic,non-sarcastic,BBC News,original
133,"Wo bÃ­ ayáº¹yáº¹ Ã¬gbadÃ© Owa Obokun tuntun, Adesuyi Haastrup, yÃ³Ã² á¹£e wÃ¡yÃ© n'Ilesa",non-sarcastic,non-sarcastic,non-sarcastic,non-sarcastic,BBC News,original
134,"NÅ„kan Ã² á¹£e mi o, mo wÃ  lÃ¡Ã yÃ¨ -King Sunny Ade",non-sarcastic,non-sarcastic,non-sarcastic,non-sarcastic,BBC News,original
135,Wá»n ti ko á»má» Naijiria 203 tÃ³ hÃ¡ sÃ­ Libya padÃ  wÃ¡lÃ©,non-sarcastic,non-sarcastic,non-sarcastic,non-sarcastic,BBC News,original
136,ÃŒfáº¹Ì tÃ­ mo nÃ­ sÃ­ á»Ì€bá» lÃ³ jáº¹Ì kÃ­ n báº¹Ì€ráº¹Ì€ erÃ© Ã¬dÃ¡rayÃ¡ lÃ­lo á»wá»Ì Ã ti áº¹sáº¹Ì€ fi sÃ¡rÃ©',non-sarcastic,non-sarcastic,non-sarcastic,non-sarcastic,BBC News,original
137,á»ŒÌwá» á»lá»Ìwá»Ì nÃ­Ã­ gbÃ© Ã²kÃº dÃ© itáº¹Ì,non-sarcastic,non-sarcastic,non-sarcastic,non-sarcastic,BBC News,original
138,"Mohbad gba Ã mÃ¬ áº¹Ì€yáº¹ Headies, wo bÃ­ Ã mÃ¬ áº¹Ì€yáº¹ nÃ¡Ã  á¹£e lá» lá»ÌdÃºn yÃ¬Ã­",non-sarcastic,non-sarcastic,non-sarcastic,non-sarcastic,BBC News,original
139,"Ã€wá»n ohun tÃ³ yáº¹ kÃ­ o má»Ì€ nÃ­pa Robert Prevost Leo XIV, PÃ³Ã²pÃ¹ tuntun fÃºn Ã¬já» KÃ¡tÃ³lÃ­Ã¬kÃ¬",non-sarcastic,non-sarcastic,non-sarcastic,non-sarcastic,BBC News,original
140,á»ŒÌ€nÃ¡ lÃ  nÃ­ áº¹nu ibodÃ¨ Seme Ã ti Badagry bÃ­ Tinubu á¹£e fagilÃ© Ã¬gbÃ©gidÃ­nÃ  lÃ³jÃº á»Ì€nÃ  NÃ Ã­jÃ­rÃ­Ã  sÃ­ iláº¹Ì€ Benin,non-sarcastic,non-sarcastic,non-sarcastic,non-sarcastic,BBC News,original
141,"Ariwo sá» bÃ­ á»Ì€dá»ÌbÃ¬nrin kan á¹£e pará»Ì pÃ© wá»Ìn jÃ­ Ã²un gbÃ© lÃ¡sÃ¬kÃ² tÃ³ wÃ  páº¹Ì€lÃº á»Ì€ráº¹ÌkÃ¹nrin ráº¹Ì€, á»lá»ÌpÃ Ã  sá»Ì€rá»Ì€",non-sarcastic,non-sarcastic,non-sarcastic,non-sarcastic,BBC News,original
142,"""KÃ­ Ã lÃ¡Ã¡fÃ­Ã  wÃ  páº¹Ì€lÃº yÃ­n"" Pope tuntun,  Leo XIV bÃ¡ Ã gbÃ¡yÃ© sá»Ì€rá»Ì€ fÃºn Ã¬gbÃ  Ã ká»Ìká»Ì",non-sarcastic,non-sarcastic,non-sarcastic,non-sarcastic,BBC News,original
143,KÃ­ ni Ã¬dÃ­ tÃ­ India Ã ti Pakistan fi Å„ jÃ  sÃ­ agbÃ¨gbÃ¨ Kashmir?,non-sarcastic,non-sarcastic,non-sarcastic,non-sarcastic,BBC News,original
144,"Joe Biden korÃ² ojÃº pÃ© Donald Trump Å„ sá»Ì€rá»Ì€ á¹£Ã kÃ á¹£Ã kÃ , kÃ² sá»Ì€rá»Ì€ bÃ­i Ã€Ã ráº¹ Amáº¹ÌrÃ­kÃ ",non-sarcastic,non-sarcastic,non-sarcastic,non-sarcastic,BBC News,original
145,"""Láº¹ÌyÃ¬n tÃ­ AjÃ­nigbÃ© gba N14m owÃ³ Ã¬tÃºsÃ­láº¹Ì€, Ã pÃ² Ã¬ráº¹sÃ¬, adÃ¬áº¹ mÃ©jÃ¬lÃ¡ tÃ­ wá»n dÃ­n gbáº¹, ohun mÃ­mu 24, kÃ¡Ã dÃ¬ Ã¬pÃ¨ N10,000, wá»Ìn tÃºn Å„ bÃ¨Ã¨rÃ¨ N70m mÃ­Ã¬""",non-sarcastic,non-sarcastic,non-sarcastic,non-sarcastic,BBC News,original
146,ÃˆtÃ² yÃ­yan PÃ³Ã²pÃ¹ tuntun Å„ táº¹Ì€sÃ­wÃ¡jÃº bÃ­ Ã¨Ã©fÃ­ dÃºdÃº á¹£e jÃ¡de lÃ¡ti Sistine Chapel,non-sarcastic,non-sarcastic,non-sarcastic,non-sarcastic,BBC News,original
147,"Ã€lÃ yÃ© rÃ¨Ã© lÃ³rÃ­ Ã¬dÃ­ tÃ­ aÃ¡wá»Ì€ áº¹gbáº¹Ì Ã²á¹£Ã¨lÃº Labour á¹£e Å„ le koko sÃ­, bÃ­ igun Abure Ã ti Usman se dojÃº ogun ká» ara wá»n",non-sarcastic,non-sarcastic,non-sarcastic,non-sarcastic,BBC News,original
148,FÃ­dÃ­Ã² rÃ¨Ã© nÃ­pa bÃ­ wá»n á¹£e mÃ¡a Å„ yan PÃ³Ã²pÃ¹ tuntun,non-sarcastic,non-sarcastic,non-sarcastic,non-sarcastic,BBC News,original
149,"ÃŒdÃ­ rÃ¨Ã© tÃ­ BÃ Ã¡lÃ¹ Herbert Wigwe fi jÃ¡ nÃ­ Amáº¹ÌrÃ­kÃ  Ã¨yÃ­ tÃ³ rÃ¡n Ã²un, aya Ã ti á»má» ráº¹Ì€ sá»Ìrun lÃ³jijÃ¬",non-sarcastic,non-sarcastic,non-sarcastic,non-sarcastic,YouTube,original
150,"á¹¢Ã© lÃ³Ã²Ã³tá»Ì ni Nnamdi Kanu pÃ á¹£áº¹ kÃ­ wá»n mÃ¡Ã  pa Ã wá»n á»lá»ÌpÃ Ã¡, tÃºn lÃ©rÃ­ lÃ¡ti ká»lu Ã¬pÃ­nláº¹Ì€ Eko?",non-sarcastic,non-sarcastic,non-sarcastic,non-sarcastic,BBC News,original
151,Ã€lÃ yÃ© rÃ¨Ã© lÃ³rÃ­ Ã¬dÃ­ tÃ­ PÃ³Ã²pÃ¹ fi mÃ¡a Å„ wá» bÃ tÃ  pupa Ã ti Ã¬dÃ¡hÃ¹n Ã wá»n Ã¬bÃ©Ã¨rÃ¨ mÃ­rÃ n tÃ³ rÃº á» lÃ³jÃº,non-sarcastic,non-sarcastic,non-sarcastic,non-sarcastic,BBC News,original
152,ÃŒdÃ­ rÃ¨Ã© tÃ­ mo á¹£e lá» sá»Ìdá»Ì€ Ã já» EFCC - Iyabo Ojo,non-sarcastic,non-sarcastic,non-sarcastic,non-sarcastic,BBC News,original
153,"KÃ­ lÃ³ Å„ jáº¹Ì ""Shadow Government"", tÃ­ Pat Utomi gbÃ© kaláº¹Ì€ lÃ¡ti tako Ã¬já»ba Tinubu?",non-sarcastic,non-sarcastic,non-sarcastic,non-sarcastic,BBC News,original
154,"BÃ­ Ã¬gbáº¹Ìjá»Ì Alfa Abdulrahman tÃ­ wá»n fáº¹Ì€sÃ¹n Ã¬fipÃ¡bÃ¡nilÃ²pá»Ì€ Ã ti ikÃº Afsot Yetunde kÃ n nÃ­ Ilorin á¹£e lá» lÃ³nÃ¬Ã­ rÃ¨Ã©, bÃ­ bÃ bÃ¡ olÃ³Ã²gbÃ© á¹£e bÃº sáº¹ÌkÃºn",non-sarcastic,non-sarcastic,non-sarcastic,non-sarcastic,BBC News,original
155,"Boko Haram ti gborÃ³, bÃ Ã¡lÃ¹ Drone lÃ³ Å„ lÃ² lÃ¡ti ká»lu arÃ¡Ã lÃº nÃ­ Borno - Aá¹£ojÃº-á¹£Ã²fin",non-sarcastic,non-sarcastic,non-sarcastic,non-sarcastic,BBC News,original
156,UK gbÃ© Ã¬lÃ nÃ  tuntun kaláº¹Ì€ lÃ³rÃ­ 'Visa' gbÃ­gbÃ  nÃ­ NÃ Ã¬jÃ­rÃ­Ã  Ã ti orÃ­láº¹Ì€Ã¨dÃ¨ mÃ©jÃ¬ mÃ­Ã¬,non-sarcastic,non-sarcastic,non-sarcastic,non-sarcastic,BBC News,original
157,"Ã€lÃ yÃ© rÃ¨Ã© lÃ³rÃ­ Ã¬dÃ­ tÃ­ á»Ì€pá»Ì€ akáº¹Ìká»Ì€á»Ì á¹£e fÃ¬dÃ­ ráº¹mi nÃ­nÃº Ã¬dÃ¡nwÃ² UTME, bÃ­ JAMB á¹£e kÃ©de Ã¨sÃ¬ Ã¬dÃ¡nwÃ² nÃ¡Ã ",non-sarcastic,non-sarcastic,non-sarcastic,non-sarcastic,BBC News,original
158,Wo Ã¬gbeyÃ wÃ³ á»Ì€pá»Ì€ Ã¨Ã¨yÃ n tÃ³ wÃ¡yÃ© nÃ­ á¹£á»Ìá»Ì€á¹£Ã¬ kan nÃ­bi tÃ­ á»kÃ¹nrin ti Å„ fáº¹Ì ju Ã¬yÃ wÃ³ kan lá»,non-sarcastic,non-sarcastic,non-sarcastic,non-sarcastic,BBC News,original
159,KÃ  nÃ­pa Ã Ã¬sÃ n tÃ³ lÃ¨ pa á»má» Ã¬kÃ³kÃ³,non-sarcastic,non-sarcastic,non-sarcastic,non-sarcastic,BBC News,original
160,"185,000 á»má» ogun Russia lÃ³ ti bÃ¡ ogun lá» nÃ­ Ukraine",non-sarcastic,non-sarcastic,non-sarcastic,non-sarcastic,BBC News,original
161,"NÃ­nÃº á»ba 82, Ã¬já»ba kÃ©de ojÃºlÃ³wÃ³ á»ba 16 pÃ©rÃ© nÃ­ iláº¹Ì€ Benin, ariwo sá»",non-sarcastic,non-sarcastic,non-sarcastic,non-sarcastic,BBC News,original
162,"""Orin KÃ¨Ç¹gbÃ¨ jáº¹Ì orin Ã wa FÃºlÃ nÃ­, Ã wá»n YorÃ¹bÃ¡ kÃ² má» iyÃ¬ ráº¹Ì€""",non-sarcastic,non-sarcastic,non-sarcastic,non-sarcastic,BBC News,original
163,'Wá»Ìn sá» fÃºn Ã¬yÃ¡ mi lÃ¡ti jÃ¹ mÃ­ nÃ¹ nÃ­ kÃ©kerÃ© nÃ­torÃ­ mo nÃ­ Ã Ã¬sÃ n 'Sickle Cell' Ã má»Ì mo tÃ­ pÃ© á»dÃºn 65 bÃ¡yÃ¬Ã­',non-sarcastic,non-sarcastic,non-sarcastic,non-sarcastic,BBC News,original
164,"'BÃ­ Ã wá»n Ã¨Ã¨yÃ n bÃ¡ rÃ­ mi, á»má» gÃ³mÃ¬nÃ  Adeleke ni wá»Ìn Å„ pÃ¨ mÃ­ nÃ­torÃ­ pÃ© a já»ra gidigidi'",non-sarcastic,non-sarcastic,non-sarcastic,non-sarcastic,BBC News,original
165,'á»Œjá»Ì máº¹Ìrin ni á»ká» mi fi sÃ¡ kÃºrÃ² nÃ­lÃ© láº¹ÌyÃ¬n tÃ³ gbá»Ì pÃ© Ã¬báº¹ta ni mo bÃ­',non-sarcastic,non-sarcastic,non-sarcastic,non-sarcastic,BBC News,original
166,"BaÃ¡láº¹Ì€ Yemi Ogunyemi, BaÃ¡láº¹Ì€ Oluyole Ã ti Ã gbÃ  á»Ì€jáº¹Ì€ agbÃ³hÃ¹nsÃ¡fáº¹Ìfáº¹Ì, jÃ¡de lÃ¡yÃ©",non-sarcastic,non-sarcastic,non-sarcastic,non-sarcastic,BBC News,original
167,Russia fáº¹Ì€sÃ¹n kan Ukraine pÃ© Ã³ ju Ã dÃ³ olÃ³rÃ³ sÃ­ Moscow á¹£Ã¡Ã¡jÃº ayáº¹yáº¹ ogun Ã gbÃ¡yÃ© kejÃ¬,non-sarcastic,non-sarcastic,non-sarcastic,non-sarcastic,BBC News,original
168,Wo Ã wá»n á»má» Naijiria máº¹ÌfÃ  tÃ­ ile-áº¹já»Ì ti dÃ¡já»Ì ikÃº fÃºn,non-sarcastic,non-sarcastic,non-sarcastic,non-sarcastic,BBC News,original
169,ÃŒyÃ wÃ³ gun á»ká» lá»Ìbáº¹ pa láº¹Ì€yÃ¬n á»já»Ì káº¹sÃ n-Ã¡n Ã¬gbeyÃ wÃ³,non-sarcastic,non-sarcastic,non-sarcastic,non-sarcastic,BBC News,original
170,"Má»Ì€ nÃ­pa Joan, obÃ¬nrin tÃ³ á¹£e bÃ­ á»kÃ¹nrin tÃ³ fi di PÃ³Ã²pÃ¹ Ã¬já» Ã€gÃ¹dÃ ",non-sarcastic,non-sarcastic,non-sarcastic,non-sarcastic,BBC News,original
171,"Tito Harrison, gbajÃºmá»Ì€ Ã²á¹£Ã¨rÃ© tÃ­Ã¡tÃ  á¹£Ã lÃ yÃ© Ã Ã¬sÃ n tÃ³ sá» á»Ì di alÃ¡Ã¬nÃ­, tÃ³ á¹£e Å„ gbÃ© ilÃ© Ã na ráº¹Ì€",non-sarcastic,non-sarcastic,non-sarcastic,non-sarcastic,BBC News,original
172,KÃ­ nÃ­dÃ¬Ã­ tÃ­ PÃ³Ã²pÃ¹ tuntun fi yan Leo XIV gáº¹Ìgáº¹Ì bÃ­ orÃºká» oyÃ¨ ráº¹Ì€ tuntun?,non-sarcastic,non-sarcastic,non-sarcastic,non-sarcastic,BBC News,original
173,Wo bÃ­ Ã wá»n obÃ¬nrin á¹£e Å„ rÃ­ ikÃº he lÃ¡ti á»wá»Ì Ã wá»n á»kÃ¹nrin nÃ­ Naijiria,non-sarcastic,non-sarcastic,non-sarcastic,non-sarcastic,BBC News,original
174,áº¸gbáº¹Ì á»Ì€dá»Ì fÃºn GÃ³mÃ¬nÃ  Adeleke nÃ­ gbÃ¨dÃ©ke á»já»Ì lÃ¡ti yanjÃº owÃ³ ilÃ© tÃ³ Å„ fÃ² lÃ³kÃ¨ l'Osun,non-sarcastic,non-sarcastic,non-sarcastic,non-sarcastic,BBC News,original
175,"""MÃ² Å„ ká»Ì Ã wá»n akáº¹Ìká»Ì€á»Ì nÃ­ Ã¬má»Ì€ áº¹Ì€ká»Ì Káº¹ÌmÃ­sÃ­rÃ¬ lÃ©dÃ¨ YorÃ¹bÃ¡, fÃºn Ã gbÃ©ga akáº¹Ìká»Ì€á»Ì Ã ti Ã¨dÃ© abÃ­nibÃ­""",non-sarcastic,non-sarcastic,non-sarcastic,non-sarcastic,BBC News,original
176,Wo Ã¬gbÃ©sáº¹Ì€ tÃ­ o le Ã¨ gbÃ© lÃ¡ti má»Ì€ bÃ³yÃ¡ ojÃºlÃ³wÃ³ ni ná»Ì€Å„bÃ  NIN ráº¹ Ã ti Ã nfÃ nÃ­ lÃ­lo ráº¹Ì€,non-sarcastic,non-sarcastic,non-sarcastic,non-sarcastic,BBC News,original
177,"IlÃ© aá¹£Ã²fin báº¹Ì€ráº¹Ì€ Ã¬gbÃ©sáº¹Ì€ lÃ¡ti sá» AlÃ¡Ã fin di alÃ¡ga Ã¬gbÃ¬má»Ì€ lá»Ìbalá»Ìba lâ€˜Oyo, Olubadan ni igbÃ¡kejÃ¬, Soun ni igbÃ¡ káº¹ta, Olubadan bÃ¡ yarÃ­",non-sarcastic,non-sarcastic,non-sarcastic,non-sarcastic,BBC News,original
178,"""á»Œgbáº¹Ì á»kÃ n lÃ³ jáº¹Ì pÃ© Faith, á»má» mi pa ara ráº¹Ì€ tÃ³rÃ­ Ã³ gba mÃ¡Ã kÃ¬ kÃ©kerÃ© nÃ­nÃº Ã¨sÃ¬ Ã¬dÃ¡nwÃ² JAMB""",non-sarcastic,non-sarcastic,non-sarcastic,non-sarcastic,BBC News,original
179,KÃ­ lÃ³ mÃº kÃ­ Ã¬já»ba Kwara gbÃ© ilÃ© áº¹Ì€ká»Ì girama mÃ©jÃ¬ tipa n'Ilorin?,non-sarcastic,non-sarcastic,non-sarcastic,non-sarcastic,BBC News,original
180,"á»ŒdÃºn EgÃºngÃºn Ã gbÃ¡yÃ© sá»kutu wá»Ì€wá»Ì€ nÃ­lÃ¹Ãº Ibadan, Ã lÃ yÃ© rÃ¨Ã© lÃ³rÃ­ Ã¬sesÃ­ egÃºngÃºn pÃ tÃ kÃ¬ máº¹ÌwÃ Ã¡ tÃ³ pitÃº",non-sarcastic,non-sarcastic,non-sarcastic,non-sarcastic,BBC News,original
181,"""ÃŒyÃ wÃ³ Ã ti á»má» mi mÃ¡rÃ¹n-Ãºn kÃº lá»Ìjá»Ì kan á¹£oá¹£o láº¹ÌyÃ¬n tÃ­ wá»Ìn jáº¹ Ã¬ráº¹sÃ¬ tÃ¡n""",non-sarcastic,non-sarcastic,non-sarcastic,non-sarcastic,BBC News,original
182,Jumoke George tÃ­ má» ibi tÃ­ á»má» ráº¹Ì€ Ã má»Ì nÇ¹kan kÃ² fara rá» fÃºn-un nÃ­báº¹Ì€ - Biola Bayo,non-sarcastic,non-sarcastic,non-sarcastic,non-sarcastic,BBC News,original
183,Ã€wá»n akáº¹Ìká»Ì€á»Ì Ã tÃ wá»n Ã²bÃ­ fáº¹Ì kÃ­ Ã já» JAMB fagilÃ© gbogbo Ã¨sÃ¬ Ã¬dÃ¡nwÃ² UTME tÃ³ jÃ¡de torÃ­ Ã á¹£Ã¬á¹£e tÃ³ wÃ  nÃ­báº¹Ì€,non-sarcastic,non-sarcastic,non-sarcastic,non-sarcastic,BBC News,original
184,ÃŒdÃ­ tÃ­ Tinubu á¹£e fi Ã²fin de kÃ­kÃ³ Ã wá»n á»jÃ   kan wá»lÃ© sÃ­ NÃ Ã­jÃ­rÃ­Ã  lÃ¡ti iláº¹Ì€ Ã²kÃ¨Ã¨rÃ¨,non-sarcastic,non-sarcastic,non-sarcastic,non-sarcastic,BBC News,original
185,Ohun tÃ­ a má»Ì€ rÃ¨Ã© nÃ­pa â€˜Ã¬ráº¹sÃ¬ olÃ³rÃ³â€™ tÃ­ wá»Ìn lÃ³ wá» Ã¬pÃ­nláº¹Ì€ Ogun Ã ti Eko,non-sarcastic,non-sarcastic,non-sarcastic,non-sarcastic,BBC News,original
186,Wo bÃ­ Ã¬má»Ì€ áº¹Ì€rá» Ã tá»wá»ÌdÃ¡ Ã ti Ã sá»dÃ¹n á¹£e Å„ gbÃ³rÃ­yÃ¬n fÃºn olÃ³rÃ­ olÃ³gun,non-sarcastic,non-sarcastic,sarcastic,non-sarcastic,BBC News,original
187,"""Ã€wá»n olÃ³gun wÃ  nÃ­bÃ­ lÃ³Ã²Ã³tá»Ì, á¹£Ã¹gbá»Ìn kÃ² sÃ­ Ã Ã bÃ² fÃºn wa""",non-sarcastic,sarcastic,non-sarcastic,non-sarcastic,BBC News,original
188,Wo erÃ© tÃ­Ã¡tÃ  máº¹ÌwÃ Ã¡ tÃ³ sá» fÃ­Ã¬mÃ¹ YorÃ¹bÃ¡ di Ã¬lÃºmá»Ì€á»ÌkÃ¡ nÃ­ Ã gbÃ¡yÃ©,non-sarcastic,non-sarcastic,non-sarcastic,non-sarcastic,BBC News,original
189,Wá»Ìn ti sin Ã gÃ©kÃ¹ ara Hafsot Lawal tÃ­ afurasÃ­ Abdulrahman gÃ© wáº¹Ìláº¹Ìwáº¹Ìláº¹Ì n'Ilorin,non-sarcastic,non-sarcastic,non-sarcastic,non-sarcastic,BBC News,original
190,KÃ­ ni yÃ³Ã² á¹£áº¹láº¹Ì€ s'Ã¡wá»n akáº¹Ìká»Ì€á»Ì bÃ­ JAMB á¹£e l'Ã³un yÃ³Ã² á¹£e Ã tÃºnyáº¹Ì€wÃ² Ã¨sÃ¬ Ã¬dÃ¡nwo 2025?,non-sarcastic,non-sarcastic,non-sarcastic,non-sarcastic,BBC News,original
191,á»Œwá»Ì NDLEA táº¹ obÃ¬nrin tÃ³ gbÃ© Ã²Ã²gÃ¹n olÃ³rÃ³ pamá»Ì sÃ³jÃº ara ráº¹Ì€ lá» sÃ­ Iran,non-sarcastic,non-sarcastic,non-sarcastic,non-sarcastic,BBC News,original
192,á»ŒÌ€pá»Ì€ á»dÃºn ni á»ká» mi fi lÃ²Ã²gÃ¹n oorun fÃºn mi kÃ³ lÃ¨ baÃ  rÃ¡Ã yÃ¨ mÃ¡a fipÃ¡ bÃ¡ mi lÃ² pá»Ì€',non-sarcastic,non-sarcastic,non-sarcastic,non-sarcastic,BBC News,original
193,ÃŒdÃ­ tÃ­ á»Ì€pá»Ì€ Ã¨Ã¨yÃ n kÃ¡Ã kiri Ã gbÃ¡yÃ© á¹£e fáº¹ÌrÃ n Ã¬já»ba olÃ³gun Burkina Faso,non-sarcastic,non-sarcastic,non-sarcastic,non-sarcastic,BBC News,original
194,"ÃŒgalÃ  fa Ã¬jÃ mbÃ¡ fÃºn bÃ Ã¡lÃ¹ Air Peace, Ã³ tÃºn á¹£Ã kÃ³bÃ¡ fÃºn Ã¬rÃ¬nÃ jÃ² Ã²furufÃº nÃ­ Delta",non-sarcastic,non-sarcastic,non-sarcastic,non-sarcastic,BBC News,original
195,"ÃŒjÃ mbÃ¡ tÃ­rÃ©lÃ  rÃ© ká»Ì€ntÃ©nÃ  lu ''dispatch rider' mÃ©jÃ¬ l'Eko, wá»Ìn pÃ dÃ¡nÃ¹ áº¹Ì€mÃ­ wá»n lÃ³jÃº áº¹sáº¹Ì€",non-sarcastic,non-sarcastic,non-sarcastic,non-sarcastic,BBC News,original
196,"ÃŒdÃ­ tÃ­ á»lá»ÌpÃ Ã¡ South Africa fi mÃº pÃ¡sÃ­tá»Ì€ á»má» Naijiria padÃ , láº¹ÌyÃ¬n tÃ­ ilÃ©áº¹já»Ì tÃº u sÃ­láº¹Ì€ lá»ÌgbÃ  áº¹Ì€wá»Ì€n lÃ³rÃ­ áº¹Ì€sÃ¹n Ã¬fipÃ¡bÃ¡nilÃ²pá»Ì€",non-sarcastic,non-sarcastic,non-sarcastic,non-sarcastic,BBC News,original
197,"Ç¸jáº¹Ì áº¹ ti gbá»Ì nÃ­pa Ã¬lÃº Ugbo nÃ­pÃ¬nláº¹Ì€ Ondo, nÃ­bi tÃ³ ti jáº¹Ì Ã¨Ã¨wá»Ì€ lÃ¡ti fáº¹Ì obÃ¬nrin pupa?",non-sarcastic,sarcastic,non-sarcastic,non-sarcastic,BBC News,original
198,Ta a ni eku áº¹dÃ¡ tÃ³ tÃºn dÃ¡ wÃ hÃ¡lÃ  sÃ­láº¹Ì€ láº¹ÌyÃ¬n tÃ­ India Ã ti Pakistan gbÃ  lÃ¡ti sinmi ogun?,non-sarcastic,non-sarcastic,non-sarcastic,non-sarcastic,BBC News,original
199,"Femi Adebayo, Mercy Aigbe, fÃ­Ã¬mÃ¹ Lisabi, Ã ti Ã wá»n mÃ­Ã¬ tÃ³ borÃ­ nÃ­bi Ã mÃ¬ áº¹Ì€yáº¹ 2025 AMVCA",non-sarcastic,non-sarcastic,non-sarcastic,non-sarcastic,BBC News,original
200,IlÃ©-áº¹já»Ì ju á»má»ge tÃ³ pÃ© 'BÃ bÃ¡ AlÃ¡Ã Ã¡nÃº' ráº¹Ì€ láº¹Ìjá»Ì sáº¹Ìwá»Ì€n,non-sarcastic,non-sarcastic,non-sarcastic,non-sarcastic,BBC News,original
201,"Zobo ni Man City fi gba aá¹£o lÃ¡ra ewÃºráº¹Ì Liverpool, ayÃ© polÃºkÃºmuá¹£u má»Ì Liverpool lÃ³wá»Ì lÃ³nÃ¬Ã­",sarcastic,sarcastic,sarcastic,sarcastic,BBC News,original
202,"Láº¹ÌyÃ¬n iá¹£áº¹Ì abáº¹ kejÃ¬ nÃ­ ikÃ¹n ráº¹Ì€, Taiwo Awoniyi jÃ­ sÃ¡yÃ© padÃ , Ã³ kÃºrÃ² nÃ­ áº¹sáº¹Ì€ kan ayÃ©, áº¹sáº¹Ì€ kan á»Ì€run",non-sarcastic,non-sarcastic,non-sarcastic,non-sarcastic,BBC News,original
203,"Palmer kÃ³ Ã²tÃºtÃ¹ kÃ¡ Wolves má»ÌlÃ©, nÃ­á¹£e ni Ã¬kokÃ² Ã ti Ã wá»n á»Ì€tÃ¡ Chelsea n gbá»Ì€n táº¹nutáº¹nu",sarcastic,sarcastic,sarcastic,sarcastic,BBC News,original
204,Wo Ã¬rÃ nlá»Ìwá»Ì tÃ³ yáº¹ kÃ­ o á¹£e fÃºn áº¹ni tÃ­ rá»pÃ¡rá»sáº¹Ì€ bÃ¡ ká»lÃ¹ lÃ³jijÃ¬,non-sarcastic,non-sarcastic,non-sarcastic,non-sarcastic,BBC News,original
205,"""OjÃº á»Ì€nÃ  Ikare sÃ­ Ogbagi di pÃ kÃºtÃ© ikÃº, áº¹Ì€mÃ­ arÃ¬nrÃ¬nÃ jÃ² Å„ bá»Ì pÃºpá»Ì€ torÃ­ Ã¬jÃ mbÃ¡ á»ká»Ì€, Ã¬ká»lÃ¹ adigunjalÃ¨ Ã tÃ wá»n ajÃ­nigbÃ©""",non-sarcastic,non-sarcastic,non-sarcastic,non-sarcastic,BBC News,original
206,áº¸ wo Ã Ã fin Ã¬lÃ¹ nÃ­bi tÃ­ wá»Ìn ti n bá» ilÃ¹ gÃºdÃºgÃºdÃº tÃ­ obÃ¬nrin tÃ³ bÃ¡ n á¹£e nnkan oá¹£Ã¹ kÃ² gbá»dá»Ì€ fá»wá»Ì kÃ n,non-sarcastic,non-sarcastic,non-sarcastic,non-sarcastic,BBC News,original
207,"Mo á¹£iá¹£áº¹Ì abáº¹, wá»Ìn tÃºn pÃ Ã¡rá»Ì€ itan mi nÃ­torÃ­ Ã Ã¬sÃ n iká»Ì-ife inÃº egungun tÃ³ mÃº mi'",non-sarcastic,non-sarcastic,non-sarcastic,non-sarcastic,BBC News,original
208,Ohun tÃ³ yáº¹ kÃ­ o má»Ì€ nÃ­pa Ã¨tÃ² Ã¬lera Medipool tÃ­ Ã¬já»ba á¹£áº¹Ì€á¹£áº¹Ì€ buwá»ÌlÃ¹ fÃºn arÃ¡Ã lÃº,non-sarcastic,non-sarcastic,non-sarcastic,non-sarcastic,BBC News,original
209,"Lateef Adedimeji, Mercy Aigbe, Ã ti Ã wá»n mÃ¬Ã­ bÃ¡ BBC sá»Ì€rá»Ì€ láº¹ÌyÃ¬n tÃ­ wá»Ìn gba Ã mÃ¬ áº¹Ì€yáº¹Ì€ AMVCA",non-sarcastic,non-sarcastic,non-sarcastic,non-sarcastic,BBC News,original
210,"AgbÃ©bá»n ká»lu ibÃ¹dÃ³ á»má» ogun Naijiria, wá»Ìn jÃ­ á»Ì€pá»Ì€ sá»ÌjÃ  gbÃ© lá»",non-sarcastic,non-sarcastic,non-sarcastic,non-sarcastic,BBC News,original
211,"ÃŒjá»ba UK kÃ©de Ã¬lÃ nÃ  tuntun tÃ­ yÃ³Ã² báº¹Ìgi dÃ­nÃ  Ã wá»n tÃ³ fáº¹Ì kÃ wÃ©, á¹£iá¹£áº¹Ì tÃ bÃ­ gbÃ© nÃ­báº¹Ì€",non-sarcastic,non-sarcastic,non-sarcastic,non-sarcastic,BBC News,original
212,Ã€já» NAPTIP kÃ³ á»má» Naijiria 78 padÃ  wÃ¡lÃ© lÃ³ko áº¹rÃº lÃ¡ti Abidjan,non-sarcastic,non-sarcastic,non-sarcastic,non-sarcastic,BBC News,original
213,KÃ­ ni Ã¬dÃ­ abÃ¡já» tÃ­ PÃ¡sÃ­tá»Ì€ Chris fi sá» pÃ© Ã²un mÃ¡a jáº¹ iyá»Ì€ tÃ³ pá»Ì€ nÃ­nÃº oÃºnjáº¹?,non-sarcastic,non-sarcastic,non-sarcastic,non-sarcastic,BBC News,original
214,SÃ© lÃ³Ã²Ã³tá»Ì  lÃ wá»n agbÃ©gbá»n ká» láº¹ÌtÃ  pÃ© Ã wá»n tÃºn fáº¹Ì ká»lu Ã¬já» Aguda nÃ­lÃ¹Ãº Owo? Ohun tÃ­ a má»Ì€ rÃ¨Ã©,non-sarcastic,non-sarcastic,non-sarcastic,non-sarcastic,BBC News,original
215,ÃŒdÃ­ rÃ¨Ã© tÃ­ iá¹£áº¹Ì Ã¬tá»ÌjÃº Ã¨Ã¨yÃ n tÃ¡wá»n á»má» iláº¹Ì€ Ã²kÃ¨Ã¨rÃ¨ Å„ á¹£e nÃ­ UK yÃ³Ã² fi dÃ³pin lÃ¡Ã¬páº¹Ì,non-sarcastic,non-sarcastic,non-sarcastic,non-sarcastic,BBC News,original
216,"Wá»Ìn sá» inÃ¡ sÃ­ ibÃ¹dÃ³ epo nÃ­ Port Sudan,  arÃ¡Ã lÃº Å„ kÃ©rora",non-sarcastic,non-sarcastic,non-sarcastic,non-sarcastic,BBC News,original
217,BÃ bÃ¡ Mohbad le pe áº¹já»Ì tako Ã¬dÃ¡já»Ì tÃ³ tÃº Naira Marley Ã ti Sam Larry sÃ­láº¹Ì€ - IlÃ© áº¹já»Ì,non-sarcastic,non-sarcastic,non-sarcastic,non-sarcastic,BBC News,original
218,ÃŒyÃ wÃ³ ilÃ© tÃ³ di Ã²gbÃ³Ç¹tarÃ¬gÃ¬ nÃ­nÃº Ã¬dÃ­je Ã gbÃ¡yÃ© fÃ¡wá»n Ã¨Ã¨yÃ n tÃ³ sÃ¡n eegun,non-sarcastic,non-sarcastic,non-sarcastic,non-sarcastic,BBC News,original
219,"á»ŒkÃ¹nrin tÃ­ Salawa Å„ fáº¹Ì bÃ¡yÃ¬Ã­ Å„ yÃ¡ a lÃ² ni, Ã¬yÃ wÃ³ mi ni tÃ­tÃ­ ayÃ© - Kollington Ayinla",non-sarcastic,sarcastic,non-sarcastic,non-sarcastic,BBC News,original
220,"Oun tÃ­ arÃ¡yÃ© Å„ pÃ¨ nÃ­ ""Ã á¹£eyá»rÃ­ Ã²jijÃ¬"" nÃ¡Ã  ni á»já»Ì tÃ­ ayÃ© á¹£e páº¹Ì€kÃ­ páº¹Ì€lÃº Ã²tÃ­tá»Ì tÃ­ o ti Å„ fi lÃ²gbÃ  lÃ¡ti kÃ¡nrinkese",non-sarcastic,non-sarcastic,non-sarcastic,non-sarcastic,X,original
221,Ã€kÃ³kÃ² nÃ­ Ã¬lÃ nÃ  ráº¹Ì€ tÃ­ yÃ³Ã² fi á¹£e Ã fÃ¬hÃ n tÃ bÃ­ Ã yáº¹ÌsÃ­ oun tÃ­ Ã³ nÃ­ Ã¬faradÃ ,non-sarcastic,non-sarcastic,non-sarcastic,non-sarcastic,X,original
222,"ÃŒwá», tÃºbá»Ì€ dÃºrÃ³ á¹£iná¹£in páº¹Ì€lÃº Ã²tÃ­tá»Ì ráº¹",non-sarcastic,non-sarcastic,non-sarcastic,non-sarcastic,X,original
223,"BÃ­ áº¹ bÃ¡ jáº¹Ì olÃ¹fáº¹Ì lÃ­tÃ­rÃ©sá»Ì€ YorÃ¹bÃ¡, Ã³ dÃ¡ mi lÃ³jÃº pÃ© Ã kÃ gbÃ¡dÃ¹n ni Ã¬wÃ© Ã¬tÃ n mi, tÃ­ Ã ká»lÃ© ráº¹ Å„ jáº¹Ì á¹¢áº¹Ì€gÃ­lá»lÃ¡ ArÃ³miráº¹Ì Ã’gÃ¬dÃ¡n yÃ³Ã² jáº¹Ì fÃºn yÃ­n",non-sarcastic,non-sarcastic,non-sarcastic,non-sarcastic,X,original
224,Wo Ã wá»n onÃ­jÃ kadÃ¬ inÃº áº¹rá»Ì€fá»Ì€ tÃ³ wÃ¡ di Ã²go Ã gbÃ¡yÃ©,non-sarcastic,non-sarcastic,non-sarcastic,non-sarcastic,BBC News,original
225,"LÃ³nÃ¬Ã­ ni Ã¨sÃ¬ Ã¬dÃ¡nwÃ² JAMB tÃ¡wá»n akáº¹Ìká»Ì€á»Ì 379,000 tÃºn á¹£e yÃ³Ã² jÃ¡de",non-sarcastic,non-sarcastic,non-sarcastic,non-sarcastic,BBC News,original
226,KÃ­ lÃ³ á¹£okÃ¹nfÃ  bÃ­ áº¹láº¹Ìwá»Ì€n mÃ©je á¹£e sÃ¡ lá» lá»ÌgbÃ  áº¹Ì€wá»Ì€n Osun láº¹ÌyÃ¬n Ã rá»Ì€á»Ì€dÃ¡ Ã²jÃ²?,non-sarcastic,non-sarcastic,non-sarcastic,non-sarcastic,BBC News,original
227,á»Œká» dÃ¡nÃ¡ sun Ã¬yÃ wÃ³ Ã ti á»má» nÃ­torÃ­ owÃ³ oÃºnjáº¹,non-sarcastic,non-sarcastic,non-sarcastic,non-sarcastic,BBC News,original
228,ÃŒtÃ n bÃ­ Ã¬wÃ  á»Ì€dÃ láº¹Ì€ á¹£e mÃº egÃºngÃºn wá» Ã¬lÃº Omu-Aran Ã ti bÃ³ á¹£e di Ã á¹£Ã ,non-sarcastic,non-sarcastic,non-sarcastic,non-sarcastic,BBC News,original
229,"Ã€á¹£Ã¬ta Ã¬bá»n 'á»lá»ÌpÃ Ã¡' á¹£ekÃº pa akáº¹Ìká»Ì€á»Ì tÃ³ Å„ á¹£Ã¨dÃ¡nwÃ² WAEC n'Ibadan, Ã wá»n olÃ¹fáº¹Ì€hÃ³nÃºhÃ n gbÃ© Ã²kÃº ráº¹Ì€ lá» á»ÌfÃ­Ã¬sÃ¬ Makinde",non-sarcastic,non-sarcastic,non-sarcastic,non-sarcastic,BBC News,original
230,'A kÃ² lÃ¨ sá» bÃ³yÃ¡ alÃ¡ga áº¹gbáº¹Ì APC tÃ­ wá»Ìn jÃ­gbÃ© l'Ondo ti kÃº tÃ bÃ­ kÃ² tÃ­Ã¬ kÃº'',non-sarcastic,non-sarcastic,non-sarcastic,non-sarcastic,BBC News,original
231,Má»ÌgÃ jÃ­ Ogbomoso Ã ti Ibadan tako Ã bÃ¡ lÃ¡ti sá» Alaafin di alÃ¡ga lÃ¡Ã©lÃ¡Ã© Ã¬gbÃ¬má»Ì€ lá»Ìbalá»Ìba Oyo,non-sarcastic,non-sarcastic,non-sarcastic,non-sarcastic,BBC News,original
232,"áº¸ni tÃ­ a já» Å„ gbÃ© lÃ¡báº¹Ì Ã²rÃ¹lÃ© kan lÃ³ tÃ  mÃ­ sÃ³ko áº¹rÃº nÃ­ Mali â€“ Adeola, á»má» Jumoke George",non-sarcastic,non-sarcastic,non-sarcastic,non-sarcastic,BBC News,original
233,"ÃŒfáº¹Ì€hÃ³nÃºhÃ n wa kÃ² lá»Ìwá»Ì Ã²á¹£Ã¨lÃº nÃ­nÃº, Ã¬dÃ­ tÃ­ a fi wá»Ìde lÃ³rÃ­ á»Ì€nÃ  tÃ­ kÃ² da rÃ¨Ã©'",non-sarcastic,non-sarcastic,non-sarcastic,non-sarcastic,BBC News,original
234,Mi Ã² má»Ì€ pÃ© mo lÃ¨ dÃ© ipÃ² á»ba - Owa Obokun tuntun Iláº¹Ì€ Ijáº¹sa,non-sarcastic,non-sarcastic,non-sarcastic,non-sarcastic,BBC News,original
235,á¹¢Ã© lÃ³Ã²Ã³tá»Ì ni Ã wá»Ìn jÃ Ç¹dÃ¹kÃº ká»lu Alabi Pasuma lÃ³de erÃ© nÃ­ Ikire?,non-sarcastic,non-sarcastic,non-sarcastic,non-sarcastic,BBC News,original
236,"KÃ­ ni Ã€Ã ráº¹ Tinubu, Peter Obi Ã ti Kayode Fayemi bÃ¡ ara wá»n sá» nÃ­gbÃ  tÃ­ wá»Ìn pÃ dÃ© nibi ayáº¹yáº¹ Poopu ni Rome?",non-sarcastic,non-sarcastic,non-sarcastic,non-sarcastic,BBC News,original
237,Perimenopause: Wo Ã wá»n á»Ì€nÃ  máº¹ÌfÃ  lÃ¡ti mÃ³jÃºtÃ³ Ã¬lera lÃ¡sÃ¬kÃ² tÃ­ nÇ¹kan oá¹£Ã¹ obÃ¬nrin ti fáº¹Ì dÃºrÃ³,non-sarcastic,non-sarcastic,non-sarcastic,non-sarcastic,BBC News,original
238,"Má»Ì€ nÃ­pa Opeyemi Bright, á»má»bÃ¬nrin NÃ Ã¬jÃ­rÃ­Ã  tÃ³ di olÃ³rÃ­ Ã¬já»ba Ã¬bÃ­láº¹Ì€ nÃ­ UK",non-sarcastic,non-sarcastic,non-sarcastic,non-sarcastic,BBC News,original
239,Timothy Omotosho: Wo Ã wá»n pÃ¡sÃ­tá»Ì€ á»má» Naijiria tÃ³ ti fÃ¬gbÃ kanrÃ­ nÃ­ Ã¬á¹£Ã²ro Ã²fin nÃ­láº¹Ì€ Ã²kÃ¨Ã¨rÃ¨,non-sarcastic,non-sarcastic,non-sarcastic,non-sarcastic,BBC News,original
240,"á»Œmá»kÃ¹nrin tÃ³ fi mÃ­lÃ­á»Ì€nÃ¹ kan NÃ¡Ã­rÃ , owÃ³ á»Ì€gÃ¡ ráº¹Ì€, ta táº¹Ìtáº¹Ì dÃ¨rÃ² áº¹Ì€wá»Ì€n",non-sarcastic,non-sarcastic,non-sarcastic,non-sarcastic,BBC News,original
241,ÃŒdÃ­ tÃ­ mo fi pÃ¨ fÃºn Ã tÃºntÃ² Ã¬gbÃ¬má»Ì€ Ã wá»n á»ba l' Oyo -Seyi Makinde,non-sarcastic,non-sarcastic,non-sarcastic,non-sarcastic,BBC News,original
242,ÃˆÃ¨yÃ n 27 tÃºn kÃº nÃ­nÃº Ã¬jamba á»ká»Ì€ ojÃº omi nÃ­ Kwara,non-sarcastic,non-sarcastic,non-sarcastic,non-sarcastic,BBC News,original
243,"Ká»ngÃ­lÃ¡ parÃ­ tÃ­tÃ¬, Ã gbÃ rÃ¡ Ã²jÃ² wá»Ìá» lá» lá»Ìjá»Ì kejÃ¬, GÃ³mÃ¬nÃ  Adeleke bÃ¡ fÃ¡rÃ­gÃ¡ l'Osun",non-sarcastic,non-sarcastic,non-sarcastic,non-sarcastic,BBC News,original
244,AjÃ­nigbÃ© á¹£ekÃºpa alÃ¡ga áº¹gbáº¹Ì APC l'Ondo láº¹ÌyÃ¬n tÃ­ wá»Ìn ká»Ìká»Ì gba â‚¦5m owÃ³ Ã¬tÃºsÃ­láº¹Ì€,non-sarcastic,non-sarcastic,non-sarcastic,non-sarcastic,BBC News,original
245,KÃ­ lÃ³ á¹£áº¹láº¹Ì€ sÃ­ Ã gbÃ  Ã²á¹£Ã¨rÃ© Yemi My Lover tÃ³ fi kÃ© gbÃ jarÃ¨ pÃ© Ã²un nÃ­lÃ² Ã¬rÃ nlá»Ìwá»Ì?,non-sarcastic,non-sarcastic,non-sarcastic,non-sarcastic,BBC News,original
246,"ÃŒjÃ mbÃ¡ á»ká»Ì€ gbáº¹Ì€mÃ­ Ã¨Ã¨yÃ n mÃ©je, Ã wá»n máº¹ÌrÃ¬ndÃ­nlÃ³gÃºn mÃ­Ã¬ farapa",non-sarcastic,non-sarcastic,non-sarcastic,non-sarcastic,BBC News,original
247,Ã€bá»Ì€ Ã¬wÃ¡dÃ¬Ã­ BBC rÃ¨Ã© lÃ³rÃ­ Ã¬ráº¹sÃ¬ tÃ­ wá»Ìn nÃ­ Ã³ Å„ pÃ Ã yÃ n lÃ¡ti Seme,non-sarcastic,non-sarcastic,non-sarcastic,non-sarcastic,BBC News,original
248,Njáº¹Ì o ti gbá»Ì nÃ­pa Ã wá»n Ã¬lÃº máº¹ÌfÃ  yÃ¬Ã­ nÃ­bi tÃ­ Ã²Ã²rÃ¹n Ã² kÃ¬Ã­ wá»Ì€ rÃ¡rÃ¡?,non-sarcastic,non-sarcastic,non-sarcastic,non-sarcastic,BBC News,original
249,ÃŒdÃ­ tÃ­ mo fi sunkÃºn nÃ­gbÃ  tÃ­ MKO Abiola jÃ¡de lÃ¡yÃ© - Alake iláº¹Ì€ áº¸Ì€gbÃ¡,non-sarcastic,non-sarcastic,non-sarcastic,non-sarcastic,BBC News,original
250,OgÃºn Naira ni mo gbÃ  fÃºn SinÃ­mÃ¡ á»ŒÌ€pÃ¡ AjÃ© tÃ³ sá» mÃ­ di olÃ³kÃ¬kÃ­ â€“ Ã€jan Abija,non-sarcastic,non-sarcastic,non-sarcastic,non-sarcastic,BBC News,original
251,á¹¢Ã³ o l'Ã¡yÃ ! áº¸ wo bÃ­ Eniola Ajao á¹£e faká»yá» lÃ³rÃ­ Ã¨tÃ² tÃ­ BBC fi n dÃ n Ã¬má»Ì€ Ã¨dÃ¨ YorÃ¹bÃ¡ wÃ²,non-sarcastic,non-sarcastic,non-sarcastic,non-sarcastic,BBC News,original
252,"ÃŒfÃ¬yÃ -jáº¹-ara áº¹ni ni Libya tÃ­ mo wÃ¡, mi Ã² tá»rá» irÃº áº¹ fÃºn á»Ì€tÃ¡ mi'",non-sarcastic,non-sarcastic,non-sarcastic,non-sarcastic,BBC News,original
253,á»Œlá»ÌpÃ Ã¡ Å„ lo Ã yáº¹Ì€wÃ² DNA lÃ¡ti á¹£Ã wÃ¡rÃ­ Ã¬yÃ¡ Ã wá»n á»mo tÃ­ wá»Ìn rÃ­ nÃ­nÃº Ã pÃ² láº¹ÌbÃ¡ á»Ì€nÃ ,non-sarcastic,non-sarcastic,non-sarcastic,non-sarcastic,BBC News,original
254,KÃ­ lÃ³ kÃ n fÃºn Simon Ekpa láº¹ÌyÃ¬n tÃ­ Ã¬já»ba Finland fáº¹Ì€sÃ¹n Ã¬dÃ¬táº¹Ì€má»Ìjá»ba kÃ n Ã¡n?,non-sarcastic,non-sarcastic,non-sarcastic,non-sarcastic,BBC News,original
255,ÃŒbáº¹Ì€rÃ¹bojo gbiláº¹Ì€ lÃ³rÃ­ owÃ³ orÃ­ áº¹ran Ã gbÃ² bÃ­ Ã¬já»ba á¹£e fÃ²fin dÃ© kÃ­kÃ³ Ã gbÃ² lá» sÃ³rÃ­láº¹Ì€ Ã¨dÃ¨ mÃ­Ã¬ lÃ¡sÃ¬kÃ² Ileya,non-sarcastic,non-sarcastic,non-sarcastic,non-sarcastic,BBC News,original
256,ÃŒbÃ¡lÃ²pá»Ì€ páº¹Ì€lÃº Ã¬lÃ©rÃ­ gÃ³Ã²lÃ¹ - Ã á¹£Ã­rÃ­ Ã¬wÃ  Ã Ã¬tá»Ì tÃ³ Å„ kojÃº Ã wá»n á»má»dÃ©kÃ¹nrin kan lÃ¡wá»n ibÃ¹dÃ³ Ã¬wakÃ¹sÃ  tÃ³ lÃ²dÃ¬ sÃ³fin ni South Africa,non-sarcastic,non-sarcastic,non-sarcastic,non-sarcastic,BBC News,original
257,Ã’kÃ² á»Ì€rá»Ì€ Å„ bá»Ì bÃ­ Ibadan Ã ti Oyo á¹£e Å„ tahÃ¹n sÃ­ra wá»n lÃ³rÃ­ áº¹ni tÃ­ ipÃ² alÃ¡ga Ã¬gbÃ¬má»Ì€ lá»Ìbalá»Ìba l'Oyo tá»Ì sÃ­,non-sarcastic,non-sarcastic,non-sarcastic,non-sarcastic,BBC News,original
258,á»ŒdÃºn Ã¬táº¹Ì á»ba nÃ¬kan ni mo ti gbá»dá»Ì€ jÃ³ láº¹Ìáº¹Ì€kan lá»ÌdÃºn - Olomu ti Omu-Aran,non-sarcastic,non-sarcastic,non-sarcastic,non-sarcastic,BBC News,original
259,Ohun tÃ­ a má»Ì€ nÃ­pa afurasÃ­ tá»Ìwá»Ì arÃ¡Ã lÃ¹ táº¹Ì€ fáº¹ÌsÃ¹n pÃ© Ã³ fáº¹Ì jÃ­ á»má» gbÃ© nÃ­ Ilorin,non-sarcastic,non-sarcastic,non-sarcastic,non-sarcastic,BBC News,original
260,"Páº¹Ì€táº¹Ì€páº¹Ìtáº¹Ì€ tÃ¡a nÃ  nÃ­ pá»Ì€pÃ¡, áº¹nÃ­bÃ¡ tabÃ  kÃ³ lá» tÃºnbáº¹Ì€ á¹£e",non-sarcastic,non-sarcastic,non-sarcastic,non-sarcastic,X,original
261,E wo nÃ­nÃº yÃ­n ni Ã³ fÃºn á»má» yÃ¬Ã­ lÃ³yÃºn ğŸ¤£ğŸ¤£,non-sarcastic,non-sarcastic,sarcastic,non-sarcastic,X,original
262,"Ã€gbÃ¡rÃ­já» áº¹gbáº¹Ì á»má» YorÃ¹bÃ¡ ni FaransÃ©, áº¸ á¹£eun gan ni fÃºn Ã mÃ¬ áº¹Ì€yáº¹ ti áº¹ fi dÃ¡milá»ÌlÃ¡.",non-sarcastic,non-sarcastic,non-sarcastic,non-sarcastic,X,original
263,"WÃ Ã¡ á¹£e bÃ­ á»kÃ¹nrin kÃ­ Ã¬wá» nÃ¡Ã  tÃ³ lÃ¨ jáº¹Ì Ã¨nÃ¬yÃ n pÃ tÃ kÃ¬, wÃ¡ tiraka lÃ¡ti jáº¹Ì áº¹ni tÃ­ Ã wá»n Ã¨nÃ¬yÃ n Å„ wÃ¡rÃ­ fÃºn un.",non-sarcastic,non-sarcastic,non-sarcastic,non-sarcastic,X,original
264,"Ã€rÃ  gbÃ© lÃ¡yÃ© tÃºmá»Ì€ sÃ­ wÃ­pÃ©, wá»Ìn mÃ¡a Å„ ra ayÃ© gbÃ© nÃ­.",non-sarcastic,non-sarcastic,non-sarcastic,non-sarcastic,X,original
265,á»Œlá»ÌpÃ Ã¡ bÃ¡ Ã²kÃº á»má» NÃ Ã¬jÃ­rÃ­Ã  tÃ­ wá»Ìn gÃºn pa sÃ­nÃº ilÃ© nÃ­ Ã³ ku á»Ì€sáº¹Ì€ mÃ©jÃ¬ tÃ³ mÃ¡a parÃ­ Ã¬káº¹Ìká»Ì€á»Ì ná»Ìá»Ì€sÃ¬ nÃ­ US,non-sarcastic,non-sarcastic,non-sarcastic,non-sarcastic,BBC News,original
266,"To ba ya won ma sope won ko ri alanu, bawo ni eniyan mase dagba lai ni opolo bio ti wun ko kere mo, won ko ma wuwa ti o ma se idina fun elomiran lati je anfaani",non-sarcastic,sarcastic,non-sarcastic,non-sarcastic,X,original
267,"TÃ­ Ã¨Ã¨yÃ n kÃ² bÃ¡ lÃ³wÃ³ lá»Ìwá»Ì, kÃ­ o gbÃ¬yÃ njÃº lÃ¡ti mÃ¡a á¹£e Ã¬gbÃ©raga",sarcastic,sarcastic,sarcastic,sarcastic,Instagram,original
268,"BÃ­ áº¹ o á¹£e lÃ³wÃ³ lá»Ìwá»Ì yáº¹n, o yáº¹ káº¹ mÃ¡a jalÃ¨ ni",sarcastic,sarcastic,sarcastic,sarcastic,Instagram,original
269,"Oloyinbo ni '99 days for the thief, 1 day for the owner'. áº¸ o jalÃ¨ fÃºn 98 days, tÃ³ bÃ¡ ti di 99th day, kÃ­ áº¹ jÃ¡wá»Ì",sarcastic,sarcastic,sarcastic,sarcastic,Instagram,original
270,"BÃ­ o ba jalÃ¨, á»Œlá»Ìrun yÃ³Ã² fi mÃº Ã wá»n á»Ì€ráº¹Ìáº¹Ì€ ráº¹ tÃ­ wá»n kÃ² á¹£Ã Ã¡nÃº ráº¹ ni, nÃ­torÃ­ Ã²Ã³ ba orÃºká» wá»n jáº¹Ì ni.  Ã€wá»n Ã¨nÃ¬yÃ n yÃ³Ã² sá» wÃ­pÃ© á»Ì€ráº¹Ì olÃ¨, olÃ¨ lÃ²un nÃ¡Ã ",sarcastic,sarcastic,sarcastic,sarcastic,Instagram,original
271,"TÃ­ o bÃ¡ nta táº¹Ìtáº¹Ì lÃ³joojÃºmá»Ì, tÃ­ o ti wÃ¡ nsá» owÃ³ nÃ¹ jÃ¹, kÃ­ o mÃ¡a mÃº á»tÃ­ má»Ìá» ni.",sarcastic,sarcastic,sarcastic,sarcastic,Instagram,original
272,"TÃ­ o bÃ¡ ti fáº¹áº¹ pÃ© á»gbá»n á»dÃºn lÃ¡yÃ© tÃ­ o tÃ­Ã¬ pÃ dÃ© eegun tiáº¹, gbÃ© eegun elÃ©egun ni.",sarcastic,sarcastic,sarcastic,sarcastic,Instagram,original
273,"NÃ­torÃ­ Regina Daniels n mu igbÃ³, kÃ² tÃºmá»Ì€ wÃ­pÃ© á»má» burÃºkÃº ni. Ã“ le jáº¹Ì igbÃ³ tÃ­ o n mu yi ni Ã wá»n Ã¨Ã¨yÃ n a fi mÃ¡a bá»Ì€wá»Ì€ fÃºn á»ká» ráº¹Ì€.",sarcastic,sarcastic,sarcastic,sarcastic,Instagram,original
274,"áº¸ kÃ¡re lÃ¡Ã­, BÃ¹á»Ì€dÃ¡ gbá»Ìmá»gbá»Ìmá»ğŸ˜’",sarcastic,sarcastic,sarcastic,sarcastic,Instagram,original
275,"OlÃ³kÃ³ dÃ³gidÃ³gi, kÃ¡re!",sarcastic,sarcastic,sarcastic,sarcastic,Instagram,original
276,"Wá»n kÃ² lÃ¨ mu yÃ­n tÃ­ áº¹ ba n jalÃ¨, áº¹ Ã³ fi á»pá»lá» ja olÃ¨ nÃ¡Ã  ni.",sarcastic,sarcastic,sarcastic,sarcastic,Instagram,original
277,"BÃ­ wá»Ìn á¹£e dÃ¡já»Ì fÃºn yÃ­n wÃ­pÃ© áº¹ mÃ¡a kÃº nÃ­ á»já»Ì mÃ©je, áº¹ yÃ  wá»Ìn láº¹Ìnu kÃ­ áº¹ kÃº kÃ­ Ã³ tÃ³ di á»já»Ì mÃ©je",sarcastic,sarcastic,sarcastic,sarcastic,Instagram,original
278,"TÃ­ áº¹nikáº¹Ìni bÃ¡ nÃ­ kÃ­ o mÃ¡ mÃº igbÃ³, mÃ¡ á¹£e dÃ¡ wá»n lÃ³hÃ¹n o. Ã€bÃ­ kÃ­ lo fáº¹Ìáº¹ mÃ¡a fi pa Ã¬rÃ²nÃº ráº¹? Ã“ kÃ n lÃ¨ yÃ  áº¹Ì nÃ­ wÃ¨rÃ¨ ni.",sarcastic,sarcastic,sarcastic,sarcastic,Instagram,original
279,Oriogbade FC ti wÃ¡ yarÃ­ kanláº¹Ì€ bÃ¡yÃ¬Ã­ o. KÃ­ lÃ³ Å„ á¹£áº¹láº¹Ì€ gan-an gan-an nÃ¡ nÃ­ pÃ¡pÃ¡ Ã¬á¹£erÃ© Emirates?,sarcastic,sarcastic,non-sarcastic,sarcastic,BBC News,original
280,"á»Œmá» tÃ­ yÃ²Ã³ bÃ¡ jáº¹Ì Ã á¹£Ã mÃº, kÃ©kerÃ© ni yÃ²Ã³ ti maa á¹£áº¹nu á¹£Ã¡mÃº-á¹£Ã¡mÃº. BÃ¹kÃ¡yá»Ì€ Saka, Oriogbade ooo",sarcastic,non-sarcastic,non-sarcastic,non-sarcastic,BBC News,original
281,"GbajÃºgbajÃ  aká»rin Afro beat, Seun Kuti, nÃ­ Ã Ã¬má»Ì€kan lÃ³ jáº¹Ì kÃ¡wá»n olÃ³lÃ¹fáº¹Ì Wizkid mÃ¡a fi Wizkid wÃ© Abami áº¸da.",non-sarcastic,non-sarcastic,non-sarcastic,non-sarcastic,BBC News,original
282,"Arsenal, Oriogbade FC, á¹£Ã¬rÃ¬n nÃ­lÃ© Aston Villa, Ã Ã¡nÃº ikÃºnláº¹Ì€ abiyamá» á¹£e wÃ¡ nÃ­gbÃ  tÃ­ Ã¬fesewá»nsá»‡ parÃ­",sarcastic,sarcastic,non-sarcastic,sarcastic,BBC News,original
283,"Ã€má»Ì€rÃ­ ká»Ì ni Ã¬á¹£Ã²ro áº¹gbáº¹Ì agbÃ¡bá»Ìá»Ì€lÃ¹ Manchester United. áº¸Ì€san Ã²jÃ³Ã³rÃ³ tÃ­ wá»Ìn á¹£e nÃ­gbÃ  tÃ­ Alex Ferguson jáº¹Ì KÃ³Ã²sÃ¬ wá»n lÃ³ Å„ kÃ© lÃ³rÃ­ wá»n. BÃ­ wá»Ìn Ã² bÃ¡ mÃºra, wá»Ìn mÃ¡a religÃ©Ã¨tÃ¬ gbáº¹Ì€yÃ¬n..",sarcastic,sarcastic,non-sarcastic,sarcastic,Facebook,original
284,"á¹¢Ã© á»Ì€rá»Ì€ yÃ¬Ã­ kÃ² ti di áº¹ni a lÃ¨ mÃº lÃ Ã¡ láº¹Ì€dÃ­ má»Ì bÃ¡yÃ¬Ã­? NÃ­bo ni Arsenal, Oriogbade, fi gbogbo gÃ³Ã²lÃ¹ yÃ¬Ã­ sÃ­ nÃ­gbÃ  tÃ­ wá»Ìn kojÃº Liverpool?",sarcastic,sarcastic,non-sarcastic,sarcastic,BBC News,original
285,"BÃ­ olÃ³de kÃ² bÃ¡ kÃº, ojÃºde ráº¹Ì€ kÃ¬Ã­ hu gbáº¹Ìgi - áº¹Ì€yÃ  korÃ­ko kan.",non-sarcastic,sarcastic,non-sarcastic,non-sarcastic,BBC News,original
286,"RÃ­ru omi Ã²kun, kÃ² nÃ­ kÃ­ áº¹ja mÃ¡ sÃ¹n, kÃ² nÃ­ kÃ­ áº¹ja mÃ¡ han oorun. BÃ­ omi Ã²kun á¹£e Å„ ru tÃ³, Ã¨yÃ­ kÃ² di áº¹ja lá»Ìwá»Ì oorun",non-sarcastic,non-sarcastic,non-sarcastic,non-sarcastic,BBC News,original
287,"á»Œmá»dÃ© tÃ³ bÃ¡ má» á»wá»Ì wáº¹Ì€, yÃ³Ã² bÃ¡ Ã gbÃ  jáº¹un.",non-sarcastic,sarcastic,non-sarcastic,non-sarcastic,BBC News,original
288,Arsenal gbáº¹Ì€san Ã¬yÃ  tÃ­ Aston Villa fi jáº¹ wá»Ìn lÃ¡ra Club Brugge tÃ­ kÃ² má»wá»Ì máº¹sÃ¨.ğŸ˜€,sarcastic,sarcastic,non-sarcastic,sarcastic,BBC News,original
289,"Ã€gbÃ  Ã²Ç¹ká»Ì€wÃ© NÃ Ã¬jÃ­rÃ­Ã , Wole Soyinka nÃ­ Ã wá»n á»má» ogun iláº¹Ì€ Ã ti Ã²furufÃº tÃ­ Ã€Ã ráº¹ Tinubu rÃ¡n lá» sÃ­ orÃ­láº¹Ì€ Ã¨dÃ¨ Benin ká»Ì lÃ³ yáº¹ kÃ³ rÃ¡n, pÃ© Seyi Tinubu lÃ¡sÃ¡n ti tÃ³.",sarcastic,sarcastic,non-sarcastic,sarcastic,BBC News,original
290,"áº¸Ì€yin ti Chelsea, á¹£Ã© áº¹ fáº¹Ì pa orÃºká» dÃ¡ sÃ­ Anakaye FC ni?",sarcastic,sarcastic,sarcastic,sarcastic,BBC News,original
291,Sheikh Gumi nÃ­ kÃ¡Ã kiri Ã gbÃ¡yÃ© ni wá»Ìn ti mÃ¡a Å„ bÃ¡ Ã wá»n agbÃ©bá»n jÃ­rÃ²rÃ² lÃ¡ti dÃ¨nÃ  Ã¬tÃ jáº¹Ì€sÃ­láº¹Ì€.,non-sarcastic,sarcastic,non-sarcastic,non-sarcastic,BBC News,original
292,"Leeds United lÃ³ ká»Ìká»Ì dÃ¡ á¹£Ã¨rÃ­Ã  fÃºn Chelsea, kÃ­ Atalanta tÃ³ f'á»ba leÃ¨ nÃ­ Ã¬dÃ­je UEFA Champions League.",sarcastic,sarcastic,non-sarcastic,sarcastic,BBC News,original
293,"OlÃºwa tÃ³ yÃ­ orÃºká» ÃbrÃ¡hÃ¡mÃ¹ Ã ti JÃ¡ká»ÌbÃ¹ padÃ , yi o bÃ¡wa yÃ­ orÃºká» Arsenal tÃ­ 'BBC News Yoruba' ti sá» di 'Oriogbade' padÃ  sÃ­ 'Oriade' ğŸ™",sarcastic,sarcastic,non-sarcastic,sarcastic,Facebook,original
294,"AyÃ© Ã²! Atalanta lagi má»Ì Chelsea lÃ³rÃ­ lÃ¡wá»lÃ© sÃ¹n, fa aá¹£á» iyÃ¬ ya má»Ì AnÃ­yÃ¬kÃ¡yÃ© FC lÃ¡ra.",sarcastic,sarcastic,non-sarcastic,sarcastic,BBC News,original
295,Seyi Tinubu lÃ³ yáº¹ kÃ­ AÃ re rÃ¡n lá» á¹£e Ã¬dÃ¡dÃºrÃ³ Ã¬dÃ¬táº¹Ì€gbÃ já»ba nÃ­ orÃ­lÃ¨-Ã¨dÃ¨ Benin nÃ­torÃ­ Ã wá»n áº¹Ì€á¹£á»Ì Ã Ã bÃ² tÃ³ mÃ¡a n táº¹Ì€láº¹ kÃ² nÃ­ye.,sarcastic,sarcastic,non-sarcastic,sarcastic,BBC News,original
296,"Wá»Ìn npe ibÃ¬kan nÃ­ ÃŒyÃ¡gÃ nkÃº nÃ­ ÃŒbÃ dÃ n. IlÃ© Manchester United nÃ¬yáº¹n, nÃ­torÃ­ Ã¬yÃ¡ ti gan kÃº sÃ­wá»n lÃ¡ra",sarcastic,sarcastic,sarcastic,sarcastic,Facebook,original
297,"á»Œlá»Ìtáº¹Ì€ ni BBC YorÃ¹bÃ¡, nÃ­torÃ­ Man City tÃ³ kÃ³ máº¹ÌwÃ Ã¡ fÃºnyÃ n lÃ¡nÃ Ã¡, nÃ­bo nÃ­ Ã wá»Ìn kÃ² gÃ³Ã²lÃ¹ tiwá»n sÃ­ nÃ­gbÃ  tÃ­ wá»Ìn kojÃºÃº Brighton",sarcastic,sarcastic,non-sarcastic,sarcastic,Facebook,original
298,"ÃŒgbÃ¡jÃº Ã¬gbÃ¡mÃº ni káº¹rÃ­káº¹rÃ¬ bÃ¡ tÃ²dee bá»Ì€, Manchester United, á»wá»Ì ba kÃ³rÃ³pá»Ì€n yÃ­n mÃ©jÃ¨Ã¨jÃ¬.",sarcastic,sarcastic,sarcastic,sarcastic,BBC News,original
299,"BÃ¡yÃ© bÃ¡ njÃ¡yÃ©, bÃ­ Paul Biya bÃ¡ á¹£Ã¬ wÃ  lÃ³rÃ­ oyÃ¨ ni Cameroon, á»Ì€rá»Ì€ bÃ­ Ã¬yÃ  bÃ­ Ã¬yÃ  kÃ² tÃ­Ã¬ lÃ¨ tÃ¡n nÃ­nÃº ayÃ© Manchester United",sarcastic,sarcastic,sarcastic,sarcastic,BBC News,original
300,"Ã’jÃ² áº¹Ì€sÃ­n Ã ti Ã¬yÃ  tÃºn rá»Ì€ lÃ© Anfaani Adugbo, Ã¬yáº¹n Manchester United, lÃ³rÃ­ láº¹ÌyÃ¬n tÃ­ wá»Ìn lÃ¨ Amori lá»",sarcastic,sarcastic,non-sarcastic,sarcastic,BBC News,original
301,"Arsenal, Oriogbade FC, á¹£Ã¬rÃ¬n nÃ­lÃ© Aston Villa, Ã Ã¡nÃº Ã¬kÃºnláº¹Ì abiyamá» á¹£e wÃ¡ nÃ­gbÃ  tÃ­ Ã¬fáº¹sáº¹Ì€wá»nsáº¹Ì€ parÃ­",sarcastic,sarcastic,non-sarcastic,sarcastic,BBC News,original
302,"ErÃ© orÃ­ igi lÃ³ bÃ¡ dÃ© fÃºn ErinlÃ¡kÃ¡tabÃº FC, iyen Arsenal, láº¹ÌyÃ¬n tÃ­ wá»Ìn kÃ³ igi bo orÃ­ Burnley.",sarcastic,sarcastic,non-sarcastic,sarcastic,BBC News,original
303,"Erin lÃ¡kÃ¡tabÃº Oriogbade FC, Ã¬yáº¹n Arsenal ti gÃ²kÃ¨ Ã lá», Fulham ni wá»Ìn fi á¹£e Ã¬rÃºbá» Ã ti gori tÃ¡bÃ¬lÃ¬ EPL.",sarcastic,sarcastic,non-sarcastic,sarcastic,BBC News,original
304,"á»Œmá» inÃº á»kÃ¡ nÃ­ á¹£ekÃºpa á»kÃ¡,  Danny Welbeck tÃ³ ti gbÃ¡ bá»Ìá»Ì€lÃ¹ rÃ­ fÃºn Man United nÃ¡Ã  lÃ³ dÃ¡ iyáº¹Ì€páº¹Ì€ sÃ­ gaÃ rÃ­ wá»n.",sarcastic,sarcastic,non-sarcastic,sarcastic,BBC News,original
305,"áº¸ yÃ©Ã© fi Wizkid wÃ© Fáº¹lÃ¡ má», á»Ì€rá»Ì€ Ã bÃ¹kÃ¹ Ã ti agá»Ì€ ni, Seun Kuti yarÃ­",sarcastic,sarcastic,non-sarcastic,sarcastic,BBC News,original
306,"PÃ¬tÃ¬pÃ¬tÃ¬ ayÃ© bÃ¡ Portsmouth! Martinelli kanra ti Liverpool má»Ì wá»n, fi wá»Ìn á¹£e Ã sun Ã¬rá»Ì€láº¹ á»jÃ³ Ã¬sinmi fÃ¡wá»n olÃ³lÃ¹fáº¹Ì Oriogbade, Ã¬yáº¹n Arsenal.",sarcastic,sarcastic,sarcastic,sarcastic,BBC News,original
307,"EwÃºráº¹Ì Algeria binÃº, fáº¹sáº¹Ì€ haláº¹Ì€, Ã jáº¹kÃºn Ã¬yÃ  ni wá»Ìn fi jáº¹ lá»Ìwá» Super Eagles NÃ Ã¬jÃ­rÃ­Ã .",sarcastic,sarcastic,sarcastic,sarcastic,BBC News,original
308,"E yÃ© sá»Ì€rá»Ì€ Ã²dÃ¬ sÃ­ orÃ­láº¹Ì€-Ã¨dÃ¨ NÃ Ã¬jÃ­rÃ­Ã  má»Ì, dÃ­pÃ² bÃ©áº¹Ì€, áº¹ mÃ¡a á¹£adÃºrÃ  ni",sarcastic,sarcastic,non-sarcastic,sarcastic,BBC News,original
309,"RÃ­i dÃ¡jÃº pÃ© Ã¨so rere lÃ² n gbÃ¬n nÃ­ gbogbo ibi tÃ³ o bÃ¡ dÃ©, Ã á¹£esiláº¹Ì€, kÃ² sÃ­ bÃ³ á¹£e le wÃ¹ kÃ³ pÃ© tÃ³, o mÃ¡a kÃ¡ gbogbo ohun to bÃ¡ gbÃ¬n lá»ÌjÃ³ kan.",non-sarcastic,non-sarcastic,non-sarcastic,non-sarcastic,BBC News,original
310,"á¹¢Ã© Ã²kÃ¨ tÃ©ntÃ© tÃ¡bÃ¬lÃ¬ ni orÃ­Ã²gbadÃ© FC yÃ³Ã² bÃ¡ wá» á»dÃºn 2026, Ã bÃ­ wá»n yÃ³Ã² jÃ¡ gáº¹Ìgáº¹ÌbÃ­ Ã¬á¹£e wá»n?",sarcastic,sarcastic,non-sarcastic,sarcastic,BBC News,original
311,"Njáº¹Ì á»ká»Ì€ Chelsea tÃ­ kÃ² nÃ­ dáº¹Ìráº¹ÌbÃ  yÃ¬Ã­ lÃ¨ borÃ­ Man City, Ã bÃ­ Ã pÃ² ni wá»n yÃ³Ã² fi kÃ³ Ã²do lá» sÃ­lÃ©?",sarcastic,sarcastic,sarcastic,sarcastic,BBC News,original
312,Wá»Ìn fiá»Ì j'á»Œba o tÃºn ná¹£'Ã wÃºre; á¹£Ã© o fáº¹Ì di ElÃ©dÃ¹marÃ¨ niğŸ¤·â€â™‚ï¸,non-sarcastic,sarcastic,sarcastic,sarcastic,Facebook,original
313,MÃ lÃºÃ¹ tÃ­ kÃ² nÃ­rÃ¹ Chelsea takÃº sá»ÌrÃ¹n Man City pÃ© kÃ² sÃ­ Ã yÃ¨ lÃ¡ti fibáº¹Ì€ á¹£e ilÃ© eá¹£iná¹£in,sarcastic,sarcastic,sarcastic,sarcastic,BBC News,original
314,"Njáº¹Ì á»ká»Ì€ Chelsea tÃ­ kÃ² nÃ­ dáº¹Ìráº¹ÌbÃ  yÃ¬Ã­ lÃ¨ borÃ­ Man City, Ã bÃ­ Ã pÃ² ni wá»n yÃ³Ã² fi kÃ³ Ã²do lá» sÃ­lÃ©?",sarcastic,sarcastic,sarcastic,sarcastic,BBC News,original
315,"Ã€nfÃ Ã nÃ­ AdÃºgbÃ², Ã¬yáº¹n Manchester United, ti fá»wá»Ì Ã²sÃ¬ jÃºwe ilÃ© fÃºn Ruben Amorim pÃ© kÃ³ mÃ¡a lá»",sarcastic,sarcastic,non-sarcastic,sarcastic,BBC News,original
316,"Arsenal Oriogbade bÃ­nÃº tÃ¡n, pÃ wá»n á»lá»Ìtáº¹Ì€ láº¹Ìnu má»Ì, Ã lÃ¹dÃ¡kÃº ni wá»Ìn lu Club Brugge má»ÌlÃ©.",sarcastic,sarcastic,non-sarcastic,sarcastic,BBC News,original
317,"AyÃ© Ã²! Atalanta lagi má»Ì Chelsea lÃ³rÃ­ lÃ¡wá»lÃ© sÃ¹n, fa aá¹£á» iyÃ¬ ya má»Ì AnÃ­yÃ¬kÃ¡yÃ© FC lÃ¡ra.",sarcastic,sarcastic,sarcastic,sarcastic,BBC News,original
318,"OlÃºwa tÃ³ yÃ­ orÃºká» ÃbrÃ¡hÃ¡mÃ¹ Ã ti JÃ¡ká»ÌbÃ¹ padÃ , yi o bÃ¡wa yÃ­ orÃºká» Arsenal tÃ­ 'BBC News Yoruba' ti sá» di 'Oriogbade' padÃ  sÃ­ 'Oriade' ğŸ™",sarcastic,sarcastic,sarcastic,sarcastic,BBC News,original
319,Alvaro Arbeloa tÃ³ jáº¹Ì akáº¹gbáº¹Ì Xabi Alonso táº¹Ìláº¹Ì€ nÃ­ áº¹gbáº¹Ì agbÃ¡bá»Ìá»Ì€lÃ¹ Liverpool ni aká»Ìnimá»Ì€á»ÌgbÃ¡ tuntun Real Madrid bÃ¡yÃ¬Ã­.,non-sarcastic,non-sarcastic,non-sarcastic,non-sarcastic,BBC News,original
320,"EgbÃ¬nrÃ¬n á»Ì€tÃ¨, bÃ­ a ti Å„pa kan ni á»Ì€kan Å„rÃº.",non-sarcastic,sarcastic,non-sarcastic,non-sarcastic,BBC News,original
321,"Aya Ã€Ã ráº¹ iláº¹Ì€ wa sá»Ì€rá»Ì€ yÃ¬Ã­ lÃ³jÃº Ã²pÃ³ Facebook ráº¹Ì€, páº¹Ì€lÃº Ã lÃ yÃ© pÃ© Ã dÃºrÃ  Ã ti á»Ì€rá»Ì€ rere lÃ³ yáº¹ Naijiria, á»Ì€rá»Ì€ burÃºkÃº ká»Ì.",non-sarcastic,non-sarcastic,non-sarcastic,non-sarcastic,BBC News,original
322,"Ã€má»Ì€rÃ­ ká»Ì ni Ã¬á¹£Ã²ro áº¹gbáº¹Ì agbÃ¡bá»Ìá»Ì€lÃ¹ Manchester United. áº¸Ì€san Ã²jÃ³Ã³rÃ³ tÃ­ wá»Ìn á¹£e nÃ­gbÃ  tÃ­ Alex Ferguson jáº¹Ì KÃ³Ã²sÃ¬ wá»n lÃ³ Å„ kÃ© lÃ³rÃ­ wá»n. BÃ­ wá»Ìn Ã² bÃ¡ mÃºra, wá»Ìn mÃ¡a religÃ©Ã¨tÃ¬ gbáº¹Ì€yÃ¬n..",sarcastic,sarcastic,non-sarcastic,sarcastic,BBC News,original
323,"Erin lÃ¡kÃ¡tabÃº Oriogbade FC, Ã¬yáº¹n Arsenal, kÃ­ ojÃº alÃ¡á¹£ejÃ¹ Crystal Palace bá» omi gbÃ­gbÃ³nÃ¡ lÃ¡ti jÃ³kÃ²Ã³ ráº¹Ì€páº¹Ì€táº¹Ì€ sÃ³rÃ­ tÃ¡bÃ¬lÃ¬ EPL.",sarcastic,sarcastic,sarcastic,sarcastic,BBC News,original
324,"á¹¢Ã© á»Ì€rá»Ì€ yÃ¬Ã­ kÃ² ti di áº¹ni a lÃ¨ mÃº lÃ Ã¡ láº¹Ì€dÃ­ má»Ì bÃ¡yÃ¬Ã­? NÃ­bo ni Oriogbade, Ã¬yáº¹n Arsenal, fi gbogbo gÃ³Ã²lÃ¹ yÃ¬Ã­ sÃ­ nÃ­gbÃ  tÃ­ wá»Ìn kojÃº Liverpool?",sarcastic,sarcastic,sarcastic,sarcastic,BBC News,original
325,"á»ŒdÃºn dÃ©, á»dÃºn já», á»dÃºn já», á»dÃºn dÃ©, á»dÃºn já», á»dÃºn já» o, arÃ¡ áº¹ bÃ¡ mi yá»Ì€, á»dÃºn dÃ© o.",non-sarcastic,sarcastic,non-sarcastic,non-sarcastic,X,original
326,"áº¸ gbáº¹Ì€mÃ­ áº¹ni tÃ³ bÃ¡ sÃ¹n, nÃ­torÃ­ áº¹ni tÃ³ bÃ¡ sÃ¹n kÃ² nÃ­Ã­ sÃºn",sarcastic,sarcastic,non-sarcastic,sarcastic,Instagram,original
327,"TÃ­ onÃ­lÃ© ráº¹ bÃ¡ ná¹£e Ã¬gbÃ©raga sÃ­ áº¹, kÃ­ o lá» jalÃ¨ lÃ¡ti rÃ­ owÃ³ ká»Ì ilÃ© tiáº¹. BÃ­ o tiláº¹Ì€ jáº¹Ì wÃ­pÃ© wá»Ìn lÃ¨ mÃº áº¹ tÃ­ o bÃ¡ ti lá» jalÃ¨ nÃ¡Ã , yÃ³Ã² dÃ³jÃº tÃ­ onÃ­lÃ© ráº¹.",sarcastic,sarcastic,sarcastic,sarcastic,Instagram,original
328,"DÃ­pÃ² kÃ­ o á¹£Ã¨gbÃ©yÃ wÃ³, o lÃ¨ báº¹Ì€ráº¹Ì€ sÃ­Ã­ á¹£e aá¹£áº¹ÌwÃ³ nÃ­torÃ­ pÃ© o lÃ¨ rÃ­ owÃ³ pÃºpá»Ì€ gbÃ  lá»Ìwá»Ì Ã¬bÃ¡lÃ²pá»Ì€ tÃ­ Ã¬wá» Ã¬ bÃ¡ ti fÃºn á»ká» ráº¹ lá»Ìfáº¹Ì€áº¹Ì. BÃ³tiláº¹Ì€jáº¹Ìpáº¹Ì abáº¹Ì ráº¹ lÃ¨ gbÃ³nÃ¡ gaan.",sarcastic,sarcastic,sarcastic,sarcastic,Instagram,original
329,"TÃ­ gbogbo Ã wá»n áº¹bÃ­Ã¬ ráº¹ bÃ¡ Å„ retÃ­ pÃ© kÃ­ o á¹£orÃ­ire kÃ­ o lÃ¨ báº¹Ì€ráº¹Ì€ Ã¬rÃ nlá»Ìwá»Ì fÃºn wá»n, á¹£e orÃ­ibÃº kÃ­ o lÃ¨ á¹£e Ã¬yÃ láº¹Ìnu fÃºn wá»n.",sarcastic,sarcastic,sarcastic,sarcastic,Instagram,original
330,"MÃ¡ á¹£e fáº¹Ì Ã¬yÃ wÃ³ tÃ³ mÃ¡a fÃºn áº¹ nÃ­ ÃŒfá»Ì€kÃ nbaláº¹Ì€, nÃ­torÃ­ ÃŒfá»Ì€kÃ nbaláº¹Ì€ dÃ­áº¹Ì€, ogÃºn diáº¹ la fÃ­ ngbÃ© ilÃ© ayÃ©. ",sarcastic,sarcastic,sarcastic,sarcastic,Instagram,original
331,"TÃ­o bÃ¡ fáº¹Ì Ã¬yÃ wÃ³ tÃ³ sÃ n lÃ³rÃ­, to bÃ¡ yá» Ã dÃ¡, Ã¬wá» nÃ¡Ã  Ã¡ yá» á»Ì€báº¹. BÃ¡yÃ¬Ã­ nÃ­ Ã¬gbÃ©yÃ wÃ³ yÃ­n yÃ³Ã² fi mÃ¡a dÃ¹n, bÃ³tiláº¹Ì€jáº¹Ìpáº¹Ì áº¹nÃ¬kan lÃ¨ pa áº¹nÃ¬kejÃ¬ lá»Ìjá»Ì kan",sarcastic,sarcastic,sarcastic,sarcastic,Instagram,original
332,"TÃ­ Ã¬yÃ wÃ³ ráº¹ bÃ¡ Å„ á¹£e Ã gbÃ¨rÃ¨, kÃ­ Ã¬wá» nÃ¡Ã  lá» á¹£Ã© Ã gbÃ¨rÃ¨ ni. BÃ³ tiláº¹Ì€ jáº¹Ì pÃ© áº¹Ì€yin mÃ©jÃ¨Ã¨jÃ¬ lÃ¨ kÃ³ Ã Ã rÃ¹n, Ã³ sÃ n kÃ­ o kÃ­ áº¹ kÃº papá»Ì€ kÃ­ o sÃ¬ má»Ì€ pÃ© o ti gbáº¹Ì€san.",sarcastic,sarcastic,sarcastic,sarcastic,Instagram,original
333,"MÃ¡ á¹£e fi Ã¬yÃ wÃ³ ráº¹ sÃ­láº¹Ì€ nÃ­torÃ­ pÃ© Ã³ Å„ á¹£e Ã gbÃ¨rÃ¨. Ã“ á¹£eÃ© á¹£e kÃ­ Ã³ jáº¹Ì á»Ì€kan lÃ¡ra Ã wá»n tÃ­ Ã³ Å„ á¹£áº¹Ì Ã gbÃ¨rÃ¨ páº¹Ì€lÃº nÃ­ yÃ³Ã² rÃ n á»Ì lá»Ìwá»Ì nÃ­gbáº¹Ì€yÃ¬n-gbáº¹ÌyÃ­n, bÃ³ tiláº¹Ì€ jáº¹Ì pÃ© o lÃ¨ mÃ¡a tá»ÌjÃº Ã kÃ³rÃ n.",sarcastic,sarcastic,sarcastic,sarcastic,Instagram,original
334,"TÃ­ Ã wá»n áº¹bÃ­ bÃ¡ Å„ bÃ©Ã¨rÃ¨ owÃ³ lá»Ìwá»Ì ráº¹ ju bÃ³ á¹£e yáº¹ lá», tÃ­ wá»Ìn sÃ¬ Å„ gbÃ¨rÃ² lÃ¡ti pa á»Ì, jáº¹Ì kÃ­ wá»Ìn táº¹Ì€sÃ­wÃ¡jÃº. BÃ³ tiláº¹Ì€ jáº¹Ì pÃ© o mÃ¡a di alÃ¡Ã¬nÃ­, áº¹láº¹ÌdÃ Ã¡ ráº¹ yÃ³Ã² fÃ¬yÃ  jáº¹ wá»Ìn.",sarcastic,sarcastic,sarcastic,sarcastic,Instagram,original
335,"TÃ­ o bÃ¡ nÃ­ á»Ì€ráº¹ÌbÃ¬nrin kan tÃ­ Ã³ Å„ tÃ¬ á»Ì láº¹ÌyÃ¬n nÃ­gbÃ  tÃ­ o kÃ² jáº¹Ì á»lá»Ìrá»Ì€, fi sÃ­láº¹Ì€ nÃ­gbÃ kÃºgbÃ  tÃ­ o bÃ¡ di á»lá»Ìrá»Ì€, kÃ­ á»Ì€ráº¹ÌbÃ¬nrin nÃ¡Ã  lÃ¨ lá» ran á»kÃ¹nrin mÃ¬Ã­rÃ n tÃ­ kÃ² tÃ­Ã¬ di á»lá»Ìrá»Ì€ lá»Ìwá»Ì.",sarcastic,sarcastic,sarcastic,sarcastic,Instagram,original
336,"TÃ­ á»Ì€ráº¹ÌkÃ¹nrin ráº¹ bÃ¡ fáº¹Ì fi á»Ì sÃ­láº¹Ì€, o yáº¹ kÃ­ o pa ara ráº¹ kÃ­ o lÃ¨ ba orÃºká» ráº¹Ì€ jáº¹Ì. ÃˆyÃ­ yÃ³Ã² ká»Ìá» nÃ­ áº¹Ì€ká»Ì, bÃ³ tiláº¹Ì€ jáº¹Ì pÃ©  Ã¬wá»Ì Ã¡ ti á¹£Ã²fÃ² dÃ nÃ¹.",sarcastic,sarcastic,sarcastic,sarcastic,Instagram,original
337,"TÃ­ á»má»bÃ¬nrin bÃ¡ fi á»Ì sÃ­láº¹Ì€, ohun tÃ³ dÃ¡ra jÃ¹ fÃºn á» ni kÃ­ o mÃ¡ á¹£e táº¹Ì€sÃ­wÃ¡jÃº, nÃ­torÃ­ nÃ¡Ã  kÃ² nÃ­ rÃ² pÃ© Ã³ gbá»Ìn ju á» lá».",sarcastic,sarcastic,sarcastic,sarcastic,Instagram,original
338,"TÃ­ áº¹nÃ¬kan bÃ¡ fáº¹Ì€sÃ¹n kÃ n á»Ì pÃ© o bÃ¡ wá»n páº¹Ì€lÃº á¹£e adigunjalÃ¨, ohun tÃ³ dÃ¡ra jÃ¹ ni pÃ© kÃ­ o mÃ¡ á¹£e sáº¹Ì. TÃ­ o bÃ¡ sáº¹Ì, tÃ­ wá»Ìn sÃ¬ dÃ¡ á» sÃ­láº¹Ì€, Ã wá»n Ã¨nÃ¬yÃ n kan yÃ³Ã² rÃ² pÃ© áº¹Ì€rÃ¹ Å„ bÃ  á»Ì lÃ¡ti á¹£e áº¹Ì€wá»Ì€n ni.",sarcastic,sarcastic,sarcastic,sarcastic,Instagram,original
339,"á»ŒkÃ¹nrin mi, fi ara ráº¹ sÃ­láº¹Ì€ nÃ­gbÃ kÃºgbÃ  tÃ­ o bÃ¡ ráº¹Ì€wáº¹Ì€sÃ¬. NÃ­gbÃ  tÃ­ o bÃ¡ juwá»Ì sÃ­láº¹Ì€, Ã³ dÃ¡jÃº pÃ© o mÃ¡a di áº¹rÃº, á¹£Ã¹gbá»Ìn Ã³ sÃ n ju gbÃ­gbÃ© áº¹rÃ¹ Ã¬dÃ­lÃ© lá».",sarcastic,sarcastic,sarcastic,sarcastic,Instagram,original
340,"TÃ­ á»má»bÃ¬nrin bÃ¡ fi á»Ì sÃ­láº¹Ì€, ohun tÃ³ dÃ¡ra jÃ¹ fÃºn á» ni kÃ­ o pa ara ráº¹. áº¸láº¹ÌdÃ Ã¡ ráº¹ lÃ¨ fÃ¬yÃ  jáº¹ áº¹Ì, bÃ³ tiláº¹Ì€ jáº¹Ì pÃ© Ã¬wá» Ã¡ ti kÃº.",sarcastic,sarcastic,sarcastic,sarcastic,Instagram,original
341,"TÃ­ Ã¨Ã¨yÃ n bÃ¡ gbÃ  á»Ì nÃ­má»Ì€rÃ n pÃ© kÃ­ o mÃ¡ mu igbo, mÃ¡ á¹£e dÃ¡ a lÃ³hÃ¹n nÃ­torÃ­ pÃ© Ã³ mÃ¡a Å„ pa Ã¬rÃ²nÃº ráº¹Ì. BÃ³ tiláº¹Ì€ jáº¹Ì pÃ© o lÃ¨ mÃ¡ páº¹Ì lÃ¡yÃ©, Ã³ sÃ n kÃ­ o kÃº lÃ¡Ã¬páº¹Ì ju kÃ­ o mÃ¡a gbÃ© páº¹Ì€lÃº Ã¬rÃ²nÃº lá».",sarcastic,sarcastic,sarcastic,sarcastic,Instagram,original
342,"TÃ­ Ã wá»n ajÃ­nigbÃ© bÃ¡ jÃ­ á» gbÃ©, mÃ¡ á¹£e sÃ¡ lá», mÃ¡a wÃ Ã¡sÃ¹ fÃºn wá»n ni, bÃ³ tiláº¹Ì€ jáº¹Ì pÃ© wá»Ìn lÃ¨ pa á»Ì, á¹£Ã¹gbá»Ìn orÃ­ ráº¹ yÃ³Ã² fÃ¬yÃ  jáº¹ wá»Ìn.",sarcastic,sarcastic,sarcastic,sarcastic,Instagram,original
343,"TÃ­ Ã¨Ã¨yÃ n bÃ¡ á¹£e áº¹Ì lÃ³ore, fÃ­ ibi sÃ¡n fÃºn padÃ ; fÃ­fi Ã²Ã²rÃ¨ san oore ti wá»Ìpá»Ì€ jÃ¹, ibi lÃ³ lÃ¨ já» olÃ³ore ráº¹ lÃ³jÃº.",sarcastic,sarcastic,sarcastic,sarcastic,Instagram,original
344,"NÃ­gbÃ  tÃ­ o bÃ¡ ti má»Ì€ pÃ© á»Ì€ráº¹ÌkÃ¹nrin ráº¹ Å„ gbÃ¬yÃ njÃº lÃ¡ti fi á»Ì sÃ­láº¹Ì€, lÃ³yÃºn fÃºn kÃ­ o fÃ­ dÃ¨Ã© má»Ìláº¹Ì€",sarcastic,sarcastic,sarcastic,sarcastic,Instagram,original
345,"Mo Å„á¹£e Ã¬lÃ©rÃ­ fÃºn á» pÃ© nÃ­gbÃ kÃºgbÃ  tÃ­ mo bÃ¡ fáº¹Ì á», n kÃ² nÃ­ á¹£e paná¹£Ã¡gÃ . DÃ­pÃ² kÃ­ n á¹£e paná¹£Ã¡gÃ , mÃ Ã¡ fáº¹Ì áº¹lÃ²mÃ­rÃ n kÃºn á» tÃ­ Ã³ lÃ¨ gbá»Ì bÃ¹kÃ¡tÃ  Ã wa mÃ©jÃ¨Ã¨jÃ¬.",sarcastic,sarcastic,sarcastic,sarcastic,Instagram,original
346,"TÃ­ o bÃ¡ á¹£e Ã á¹£Ã¬á¹£e fi owÃ³ rÃ¡ná¹£áº¹Ì sÃ­ áº¹nÃ¬kan, fi owÃ³ pÃºpá»Ì€ rÃ¡ná¹£áº¹Ì sÃ­Ã­ fÃºn áº¹ni nÃ¡Ã . BÃ¡yÃ¬Ã­, Ã wá»n agbÃ³finrÃ³ yÃ³Ã² mÃº onÃ­jÃ¬bÃ¬tÃ¬ nÃ¡Ã  nÃ­torÃ­ kÃ² nÃ­Ã­ lÃ¨ á¹£Ã lÃ yÃ© ibi tÃ­ owÃ³ nÃ¡Ã  ti wÃ¡.",sarcastic,sarcastic,sarcastic,sarcastic,Instagram,original
347,"Gáº¹Ìgáº¹Ì bÃ­ agbÃ³finrÃ³, Ã³ yáº¹ kÃ­ Ã¬wá»Ì nÃ¡Ã  wÃ  nÃ­nÃº igbÃ³ lÃ¡ti fÃ­ á¹£e Ã fihÃ n wÃ­pÃ© áº¹ má» iá¹£áº¹ gáº¹Ìgáº¹ÌbÃ­ Ã wá»n á»má» ogun NÃ Ã¬jÃ­rÃ­Ã . BÃ³ tiláº¹Ì€ jáº¹Ì pÃ© wá»Ìn lÃ¨ pa á»Ì, o má»Ì€ pÃ© o ti á¹£iá¹£áº¹Ì fÃºn orÃ­láº¹Ì€-Ã¨dÃ¨ ráº¹, o sÃ¬ ti di aká»ni orÃ­láº¹Ì€-Ã¨dÃ¨.",sarcastic,sarcastic,sarcastic,sarcastic,Instagram,original
348,"TÃ­ á»ká» ráº¹ bÃ¡ Å„ tá»ÌjÃº ráº¹ Ã ti gbogbo Ã Ã¬nÃ­ ráº¹ dÃ¡adÃ¡a á¹£Ã¹gbá»Ìn tÃ­ kÃ² kÃ¬Ã­ sá» fÃºn á» wÃ­pÃ© Ã²Ãºn nÃ­ Ã¬fáº¹Ìáº¹Ì€ ráº¹ lá»Ìpá»Ì€lá»pá»Ì€ Ã¬gbÃ , o yáº¹ kÃ­ o ká»Ì€á»Ì sÃ­láº¹Ì€ kÃ­ o sÃ¬ mÃ¡a pÃ Ã rá»Ì€ ráº¹Ì€ tÃ­tÃ­ di orÃ­ á»ká» keje, bÃ³ tiláº¹Ì€ jáº¹Ì pÃ© Ã¬dÃ­ ráº¹ lÃ¨ gbÃ³nÃ¡.",sarcastic,sarcastic,sarcastic,sarcastic,Instagram,original
349,"TÃ­ o bÃ¡ fáº¹Ì páº¹Ì lÃ¡yÃ©, Ã³ yáº¹ kÃ­ o mÃ¡a jáº¹ gbÃ¨sÃ¨ kÃ¡Ã kiri, wá»n kÃ² nÃ­Ã­ fáº¹Ì kÃ­ o kÃº, bÃ³ tiláº¹Ì€ jáº¹Ì pÃ© orÃºká» rere ráº¹ yÃ³Ã² ti bÃ jáº¹Ì.",sarcastic,sarcastic,sarcastic,sarcastic,Instagram,original
350,"BÃ­ á»ká» ráº¹ bÃ¡ Å„ lÃ¹ á»Ì, o kÃ² nÃ­lÃ² lÃ¡ti fi Ã¬gbÃ©yÃ wÃ³ nÃ¡Ã  sÃ­láº¹Ì€ nÃ­torÃ­ Ã wá»n Ã¨nÃ¬yÃ n yÃ³Ã² gbÃ gbá»Ì pÃ© o kÃ² nÃ­ Ã¬faradÃ , bÃ³ tiláº¹Ì€ jáº¹Ì pÃ© Ã³ lÃ¨ pa á»Ì nÃ­ á»já»Ì kan.",sarcastic,sarcastic,sarcastic,sarcastic,Instagram,original
351,"TÃ­ áº¹ni tÃ­ o jáº¹ lÃ³wÃ³ bÃ¡ ndÃ  áº¹ lÃ¡Ã mÃº , kÃº sÃ­ l'á»ÌrÃ¹n ni.  BÃ³ tiláº¹Ì€ jáº¹Ì pÃ© Ã¬wá»Ì ti kÃº, o ti fi ikÃº ráº¹ kÃ³ bÃ¡a nÃ¬yáº¹n",sarcastic,sarcastic,sarcastic,sarcastic,Instagram,original
352,"TÃ­ o bÃ¡ fi owÃ³ rÃ¡ná¹£áº¹Ì sÃ­ Ã ká»á»Ìláº¹Ì€ bÃ¡Å„kÃ¬ tÃ­ kÃ² tá»Ì, dÃ­pÃ² kÃ­ o gbÃ¬yÃ njÃº lÃ¡ti gbÃ  Ã¡, Ã³ yáº¹ kÃ­ o fi owÃ³ pÃºpá»Ì€ sÃ­ Ã ká»á»Ìláº¹Ì€ wá»n kÃ­ Ã wá»n á»lá»ÌpÃ Ã¡ lÃ¨ mÃº wá»n. BÃ³ tiláº¹Ì€ jáº¹Ì pÃ© o mÃ¡a jáº¹ gbÃ¨sÃ¨, o ti ká»Ì wá»n lÃ¡ti mÃ¡ á¹£e da owÃ³ áº¹lÃ²mÃ­rÃ n má»Ì tiwá»n.",sarcastic,sarcastic,sarcastic,sarcastic,Instagram,original
353,"MÃ¡ á¹£e pÃ dÃ¡nÃ¹ á»Ì€ráº¹ÌkÃ¹nrin ráº¹ Ã tijá»Ì nÃ­torÃ­ pÃ© o ti á¹£e Ã¬gbÃ©yÃ wÃ³ bÃ¡yÃ¬Ã­. TÃ­ á»ká» ráº¹ kÃ² bÃ¡ fáº¹Ì kÃ­ Ã³ rÃ­ báº¹Ìáº¹Ì€, o yáº¹ kÃ­ o ká»Ì€á»Ì sÃ­láº¹Ì€.",sarcastic,sarcastic,sarcastic,sarcastic,Instagram,original
354,"TÃ­ áº¹nÃ¬kan bÃ¡ fáº¹Ì fi á»tÃ­ ba ayÃ© ráº¹ jáº¹Ì, fi á»tÃ­ sÃ­láº¹Ì€ kÃ­ o sÃ¬ báº¹Ì€ráº¹Ì€ sÃ­Ã­ ta táº¹Ìtáº¹Ì. BÃ³ tiláº¹Ì€ jáº¹Ì pÃ© táº¹Ìtáº¹Ì nÃ¡Ã  lÃ¨ pa á»Ì run, á¹£Ã¹gbá»Ìn Ã¬wá» yÃ³Ã² nÃ­ Ã¬gbÃ©raga pÃ© Ã¬wá» fÃºnra ráº¹ ni o pa ayÃ© ráº¹ run, tÃ­ onÃ­tá»Ì€hÃºn kÃ² nÃ­Ã­ lÃ¨ fá»Ìnnu nÃ­pa pÃ­pa á»Ì run.",sarcastic,sarcastic,sarcastic,sarcastic,Instagram,original
355,"MÃ¡ á¹£e fi Ã¬yÃ wÃ³ ráº¹ sÃ­láº¹Ì€ nÃ­torÃ­ pÃ© á»kÃ¹nrin mÃ¬Ã­rÃ n fÃºn-un lÃ³yÃºn, nÃ­torÃ­ Ã³ á¹£eÃ© á¹£e kÃ³ jÃ© wÃ­pÃ© á»má» Ã lÃ¨ tÃ­ Ã³ bÃ­ lÃ³ mÃ¡a mÃº Ã á¹£eyá»rÃ­ wÃ¡ sÃ­ ilÃ©Ã¨ ráº¹.",sarcastic,sarcastic,sarcastic,sarcastic,Instagram,original
356,"MÃ¡ á¹£e jáº¹Ì kÃ­ áº¹nikáº¹Ìni dáº¹ÌrÃ¹ bÃ  á»Ì nÃ­torÃ­ pÃ© á»má» ogun ni wá»Ìn. Gbogbo á»má» ogun tÃ³ bÃ¡ gbÃ¡ á» lÃ©tÃ­, rÃ­ i dÃ¡jÃº pÃ© o gbÃ¡ tÃ¬ráº¹. BÃ³ tiláº¹Ì€ jáº¹Ì pÃ© Ã³ lÃ¨ ká»lÃ¹ á»Ì kÃ­ Ã³ sÃ¬ fi á»Ì€báº¹ pa á»Ì, Ã¬wá» yÃ³Ã² fi Ã¬yáº¹n kÃ³bÃ¡ onÃ­tá»Ì€hÃºn.",sarcastic,sarcastic,sarcastic,sarcastic,Instagram,original
357,"TÃ­ wá»Ìn bÃ¡ mÃº á» nÃ­gbÃ  tÃ­ o Å„jalÃ¨, o kÃ² nÃ­ lÃ¡ti báº¹Ì€rÃ¹ nÃ­torÃ­ pÃ© Ã³ mÃ¡a dÃ bÃ­ á»Ì€láº¹ ni. BÃ³ tiláº¹Ì€ jáº¹Ì pÃ© wá»Ìn lÃ¨ ti lÃ¹ á»Ì nÃ­ Ã lÃ¹bÃ jáº¹Ì, Ã³ fi agbÃ¡ra ráº¹ hÃ n ni.",sarcastic,sarcastic,sarcastic,sarcastic,Instagram,original
358,"TÃ­ o bÃ¡ bÃ­ á»má» tÃ­ kÃ² sÃ¬ fáº¹Ì lá» sÃ­lÃ© Ã¬wÃ©, mÃ¡ á¹£e fipÃ¡ mÃº un. TÃ­ Ã³ bÃ¡ sá» pÃ© Ã²un nÃ­fáº¹Ì€áº¹Ì sÃ­ olÃ¨ jÃ­jÃ , o lÃ¨ rÃ n Ã¡n lá»Ìwá»Ì lÃ¡ti rÃ­ Ã wá»n ohun Ã¨lÃ² olÃ¨ jÃ­jÃ , bÃ³ tiláº¹Ì€ jáº¹Ì pÃ© wá»Ìn lÃ¨ paÃ¡ lá»Ìjá»Ì kan.",sarcastic,sarcastic,sarcastic,sarcastic,Instagram,original
359,"DÃ­pÃ² kÃ­ o mÃ¡a jÃ³ lÃ¡ti polÃ³wÃ³ fÃ­Ã¬mÃ¹ ráº¹ fÃºn Ã wá»n olÃ³lÃ¹fáº¹Ì ráº¹, o lÃ¨ lá» jalÃ¨. TÃ­ wá»Ìn bÃ¡ mÃº á», Ã wá»n olÃ³lÃ¹fáº¹Ì ráº¹ lÃ¨ á¹£Ã Ã¡nÃº ráº¹ kÃ­ wá»Ìn sÃ¬ wo fÃ­Ã¬mÃ¹ ráº¹ nÃ­gbáº¹Ì€yÃ¬n-gbáº¹ÌyÃ­n, bÃ³ tiláº¹Ì€ jáº¹Ì pÃ© Ã wá»n Ã¨Ã¨yÃ n lÃ¨ ti lÃ¹ á»Ì bÃ jáº¹Ì.",sarcastic,sarcastic,sarcastic,sarcastic,Instagram,original
360,"TÃ­ á»ká» ráº¹ bÃ¡ Å„ gbÃ¬yÃ njÃº lÃ¡ti mÃº kÃ­ Ã¬gbÃ©sÃ­ ayÃ© rá»rÃ¹n fÃºn á» nÃ­lÃ©, o nÃ­ lÃ¡ti ká»Ì€ á»Ì sÃ­láº¹Ì€ kÃ­ Ã wá»n á»má» ráº¹ lÃ¨ kÃ³ Ã wá»n Ã¬rÃ­rÃ­ tÃ³ bÃ¡ramu já», bÃ³ tiláº¹Ì€ jáº¹Ì pÃ© o lÃ¨ kÃº nÃ­torÃ­ wÃ hÃ¡lÃ ",sarcastic,sarcastic,sarcastic,sarcastic,Instagram,original
361,"TÃ­ agbÃ³finrÃ³ NÃ Ã¬jÃ­rÃ­Ã  kan bÃ¡ sá» fÃºn á» pÃ© kÃ­ o á¹£Ã­ fÃ³Ã²nÃ¹ ráº¹, mÃ¡ á¹£e dÃ¡ a lÃ³hÃ¹n. BÃ­ Ã³ tiláº¹Ì€ fáº¹Ì pa á»Ì, o kÃ n mÃ¡a kÃº láº¹Ìáº¹Ì€kan á¹£oá¹£o, bÃ³ tiláº¹Ì€ jáº¹Ì pÃ© áº¹Ì€mÃ­ ráº¹ yÃ³Ã² ti á¹£Ã²fÃ².",sarcastic,sarcastic,sarcastic,sarcastic,Instagram,original
362,"Ã“ sÃ n kÃ­ a kÃº nÃ­pÃ² aká»ni ju kÃ­ a gbÃ© Ã¬gbÃ©sÃ­ ayÃ© ojo, bÃ³ tiláº¹Ì€ jáº¹Ì pÃ© áº¹Ì€mÃ­ Ã¨nÃ¬yÃ n nÃ¡Ã   Ã¡ ti á¹£Ã²fÃ².",sarcastic,sarcastic,sarcastic,sarcastic,Instagram,original
363,"NÃ­torÃ­ wÃ­pÃ© Ã¬yÃ wÃ³ Ned Nwoko n mu igbÃ³, kÃ² tÃºmá» sÃ­ wÃ­pÃ© á»má» burÃºkÃº ni. Ã“ lÃ¨ jáº¹Ì igbÃ³ tÃ­ Ã¬yÃ wÃ³ nÃ¡Ã  ni mu ni Ã wá»n Ã¨Ã¨yÃ n yÃ³Ã² fi mÃ¡a wÃ¡rÃ­ fÃºn Ned Nwoko, bÃ³ tiláº¹Ì€ jáº¹Ì wÃ­pÃ© igbÃ³ lÃ¨ ya obÃ¬nrin nÃ¡Ã  nÃ­ wÃ¨rÃ¨",sarcastic,sarcastic,sarcastic,sarcastic,Instagram,original
364,"BÃ³ tiláº¹Ì€ jáº¹Ì pÃ© á»ká» ráº¹Ì€ Å„ lÃ¹Ãº, áº¹ bÃ¡ Regina Daniels sá»Ì€rá»Ì€ lÃ¡ti padÃ  sÃ­ ilÃ© á»ká» ráº¹Ì€; kÃ² nÃ­lÃ² lÃ¡ti lá» nÃ­torÃ­ lÃ­lÃ¹ dÃ­áº¹Ì€dÃ­áº¹Ì€ tÃ³ ti lÃ¨ ká»Ì áº¹Ì€ká»Ì, bÃ³ tiláº¹Ì€ jáº¹Ì wÃ­pÃ© wá»Ìn lÃ¨ lÃ¹Ãº pa lá»Ìjá»Ì kan.",sarcastic,sarcastic,sarcastic,sarcastic,Instagram,original
365,Ã“ sÃ n kÃ­ Ã¨Ã¨yÃ n sunkÃºn nÃ­nÃº á»ká»Ì€ Lamborghini ju kÃ­ Ã³ mÃ¡a ráº¹Ìáº¹Ì€rÃ­n nÃ­nÃº káº¹Ì€káº¹Ì MÃ¡rÃºwÃ¡,sarcastic,sarcastic,sarcastic,sarcastic,Instagram,original
366,"TÃ­ o bÃ¡ nÃ­ á»Ì€ráº¹Ì kan tÃ³ fáº¹Ì ká»Ì á» bÃ­ o á¹£e Å„ pa áº¹ja, mÃ¡ á¹£e dÃ¡a lÃ³hÃ¹n. NÃ­torÃ­ pÃ© Ã³ sÃ n kÃ­ Ã³ mÃ¡a fÃºn á» nÃ­ áº¹ja jáº¹ ju kÃ­ Ã³ ká»Ì á» bÃ­ o á¹£e Å„ páº¹ja lá», nÃ­torÃ­ pÃ© odÃ² lÃ¨ gbÃ© á» lá».",sarcastic,sarcastic,sarcastic,sarcastic,Instagram,original
367,"Ã€wá»n tÃ³ Å„ rÃ n á»Ì lá»Ìwá»Ì táº¹Ìláº¹Ì€ kÃ² nÃ­ fáº¹Ì rÃ n á»Ì lá»Ìwá»Ì má»Ì láº¹Ìsáº¹Ì€káº¹sáº¹Ì€ tÃ­ wá»Ìn bÃ¡ má»Ì€ pÃ© o Å„ á¹£iá¹£áº¹Ì€ owÃ³, nÃ­torÃ­ nÃ¡Ã  Ã³ sÃ n kÃ­ o fikÃºn iye Ã wá»n Ã¨nÃ¬yÃ n tÃ­ o Å„ tá»rá» owÃ³ lá»Ìwá»Ìá» wá»n sÃ­ i dÃ­pÃ² kÃ­ o á¹£iá¹£áº¹Ì, bÃ³ tiláº¹Ì€ jáº¹Ì pÃ© o lÃ¨ mÃ¡ á¹£e Ã á¹£eyá»rÃ­ nÃ­ Ã¬gbÃ©sÃ­ ayÃ© ráº¹.",sarcastic,sarcastic,sarcastic,sarcastic,Instagram,original
368,"TÃ­ áº¹nÃ¬kan bÃ¡ fáº¹Ì pa á»Ì nÃ­pa fÃ­fi mÃ¡jÃ¨lÃ© sÃ­nÃº oÃºnjáº¹Ì ráº¹, mÃ¡ á¹£e yÃ¡ra wÃ¡ áº¹Ì€rá» tÃ bÃ­ kÃ­ o gbÃ¬yÃ njÃº lÃ¡ti dÃ© ilÃ© Ã¬wÃ²sÃ n kÃ­Ã¡kÃ­Ã¡, nÃ­torÃ­ pÃ© Ã wá»n Ã¨Ã¨yÃ n yÃ³Ã² lÃ©rÃ² wÃ­pÃ© o báº¹Ì€rÃ¹ ikÃº ni",sarcastic,sarcastic,sarcastic,sarcastic,Instagram,original
369,"TÃ­ áº¹nÃ¬kan bÃ¡ Å„ gbÃ  á»Ì nÃ­má»Ì€rÃ n pÃ© kÃ­ o mÃ¡ á¹£e kÃ¡njÃº nÃ­ Ã¬gbÃ©sÃ­ ayÃ©, mÃ¡ á¹£e dÃ¡ a lÃ³hÃ¹n, nÃ­torÃ­ pÃ© tÃ­ o kÃ² bÃ¡ yÃ¡ra á¹£e nÇ¹kan, kÃ³dÃ  nÃ­pa á¹£Ã­á¹£e nÇ¹kan bÃºburÃº, o lÃ¨ mÃ¡ á¹£e Ã á¹£eyá»rÃ­ nÃ­ Ã kÃ³kÃ².",sarcastic,sarcastic,sarcastic,sarcastic,Instagram,original
370,"OhunkÃ³hun tÃ­ Ã wá»n á»Ì€ráº¹Ì ráº¹ bÃ¡ Å„ á¹£e lÃ¡ti rÃ­ owÃ³, kÃ³dÃ  bÃ­ wá»Ìn bÃ¡ Å„ jalÃ¨, lá» á¹£e. TÃ­ o kÃ² bÃ¡ á¹£e Ã wá»n nÇ¹kan wá»Ì€nyÃ­, wá»n yÃ³Ã² gbÃ gbá»Ì pÃ© ojo ni á»Ì, bÃ³ tiláº¹Ì€ jáº¹Ì pÃ© o lÃ¨ ya wÃ¨rÃ¨, á¹£Ã¹gbá»Ìn Ã¬wá» páº¹Ì€lÃº Ã wá»n á»Ì€ráº¹Ì ráº¹ Ã¡ já» á¹£e wÃ¨rÃ¨ ni.",sarcastic,sarcastic,sarcastic,sarcastic,Instagram,original
371,"OwÃ³ tÃ­ o bÃ¡ fáº¹Ì lÃ² lÃ¡ti tÃºn fÃ³Ã²nÃ¹ Ã tijá»Ì á¹£e, o lÃ¨ lÃ²Ã³ fÃºn Ã²Ã²gÃ¹n owÃ³. Ohun tÃ³ burÃº jÃ¹ tÃ­ o lÃ¨ rÃ­ ni kÃ­ o ya wÃ¨rÃ¨, á¹£Ã¹gbá»Ìn o mÃ¡a rÃ­ owÃ³, oÃ³ sÃ¬ mÃ¡a Å„ gbÃ© Ã¬gbÃ©sÃ­ ayÃ© á»lá»ÌlÃ¡",sarcastic,sarcastic,sarcastic,sarcastic,Instagram,original
372,"TÃ­ o bÃ¡ wá» inÃº Ã¬dÃ¨kÃ¹n kan tÃ­ wá»Ìn sÃ¬ jÃ­ á» gbÃ©, mÃ¡ á¹£e pe Ã wá»n olÃ¹rÃ nlá»Ìwá»Ì ráº¹ ju Ã¬gbÃ  mÃ©jÃ¬ lá» nÃ­torÃ­ pÃ© wá»Ìn ti ká»Ì á» lÃ¡ti pe láº¹Ìáº¹Ì€mejÃ¬ pÃ©rÃ©, kÃ­ o mÃ¡ baÃ  hÃ¹wÃ  bÃ­ alÃ¡Ã¬má»Ì€wÃ© nÃ­gbÃ  tÃ­ o bÃ¡ Å„ wÃ¡ Ã¬rÃ nlá»Ìwá»Ì lÃ¡ti san owÃ³ Ã¬rÃ padÃ  ráº¹ kÃ­ wá»Ìn lÃ¨ dÃ¡ á» sÃ­láº¹Ì€.",sarcastic,sarcastic,sarcastic,sarcastic,Instagram,original
373,"TÃ­ agbÃ³finrÃ³ NÃ Ã¬jÃ­rÃ­Ã  kan bÃ¡ mÃº á» nÃ­bi tÃ­ wá»Ìn ti Å„ ta igbÃ³, mÃ¡ báº¹Ì€báº¹Ì€, mÃ¡ sÃ¬ sÃ¡ lá». Ã“ lÃ¨ rÃ² pÃ© áº¹Ì€rÃ¹ Å„ bÃ  á»Ì lÃ¡ti wÃ  nÃ­ Ã tÃ¬má»ÌlÃ©, bÃ³ tiláº¹Ì€ jáº¹Ì pÃ© Ã¬gbÃ©sÃ­ ayÃ© ráº¹ lÃ¨ dÃ rÃº.",sarcastic,sarcastic,sarcastic,sarcastic,Instagram,original
374,"TÃ­ áº¹nÃ¬kan bÃ¡ gbÃ¬yÃ njÃº lÃ¡ti pa á»Ì tÃ­ o sÃ¬ sÃ¡ Ã sÃ¡lÃ , mÃ¡ á¹£e gbÃ© áº¹ni nÃ¡Ã  lá» sÃ­ Ã gá»Ì á»lá»ÌpÃ Ã¡ tÃ bÃ­ kÃ­ o fi áº¹Ì€sÃ¹n kÃ n-Ã¡n nÃ­lÃ© áº¹já»Ì. BÃ³ tiláº¹Ì€ jáº¹Ì pÃ© Ã³ lÃ¨ padÃ  pa á»Ì nÃ­gbÃ  tÃ³ bÃ¡ yÃ¡, á¹£Ã¹gbá»Ìn Ã¬wá» Ã¡ ti fi ikÃº ráº¹ á¹£e Ã kÃ³bÃ¡ fÃºn áº¹ni nÃ¡Ã .",sarcastic,sarcastic,sarcastic,sarcastic,Instagram,original
375,"TÃ­ agbÃ³finrÃ³ NÃ Ã¬jÃ­rÃ­Ã  kan bÃ¡ sá» fÃºn á» pÃ© kÃ­ o á¹£Ã­ fÃ³Ã²nÃ¹ ráº¹, mÃ¡ á¹£e dÃ¡ a lÃ³hÃ¹n. BÃ­ Ã³ tiláº¹Ì€ fáº¹Ì pa á»Ì, o kÃ n mÃ¡a kÃº láº¹Ìáº¹Ì€kan á¹£oá¹£o, bÃ³ tiláº¹Ì€ jáº¹Ì pÃ© áº¹Ì€mÃ­ ráº¹ yÃ³Ã² ti á¹£Ã²fÃ².",sarcastic,sarcastic,sarcastic,sarcastic,Instagram,original
376,"TÃ­ o bÃ¡ Å„ á¹£iá¹£áº¹Ì pá»Ì€ páº¹Ì€lÃº á»Ì€ráº¹Ì ráº¹ lÃ¡ti lÃ¨ nÃ­ lÃ¡Ã¡rÃ­, tÃ­ Ã³ sÃ¬ Å„ rÃ­ owÃ³ ju á»Ì lá», Ã³ sÃ n kÃ­ á» sa Ã²Ã²gÃ¹n sÃ­i, bÃ³ tiláº¹Ì€ jáº¹Ì wÃ­pÃ© áº¹Ì€yin mÃ©jÃ¨Ã¨jÃ¬ lÃ¨ di Ã¨rÃ² áº¹Ì€yÃ¬n papá»Ì€, kÃ­ áº¹ sÃ¬ já» mÃ¡a tá»rá» jáº¹.",sarcastic,sarcastic,sarcastic,sarcastic,Instagram,original
377,"Ã“ yáº¹ kÃ­ o fáº¹Ì á»má» alÃ¡Ã¬nÃ­baba kÃ­ o mÃ¡ baÃ  san owÃ³ orÃ­ ráº¹Ì€, bÃ³ tiláº¹Ì€ jáº¹Ì pÃ© Ã³ lÃ¨ sÃ¡ lá» páº¹Ì€lÃº Ã wá»n ohun Ã¬nÃ­ ráº¹ lá»Ìjá»Ì kan tÃ­ o kÃ² sÃ¬ nÃ­ má» ibi tÃ­ Ã³o wa sÃ­, á¹£Ã¹gbá»Ìn nÃ­pa gbÃ­gbÃ© Ã¬gbÃ©sáº¹Ì€ irÃºfáº¹Ì yi la fÃ­ ngbÃ© ilÃ© ayÃ©.",sarcastic,sarcastic,sarcastic,sarcastic,Instagram,original
378,"MÃ¡ tÃ­ torÃ­ pÃ© o jáº¹Ì obÃ¬nrin kÃ­ o jÃ²kÃ³ ti á»kÃ¹nrin áº¹yá»Ì€kan. Ti á»kÃ¹nrin bÃ¡ nÃ­ Ã nfÃ Ã nÃ­ lÃ¡ti fáº¹láº¹Ì Ã¬yÃ wÃ³ mÃ©jÃ¬, iwá» nÃ¡Ã  lÃ¨ fáº¹Ì á»ká» mÃ©jÃ¬ ti wÃ Ã¡ sÃ¬ mÃ¡a darÃ­ wá»n, bÃ³ tiláº¹Ì€ jáº¹Ì wÃ­pÃ© Ã¬dÃ­ ráº¹ yÃ³Ã² gbÃ³nÃ¡",sarcastic,sarcastic,sarcastic,sarcastic,Instagram,original
379,"TÃ­ o bÃ¡ ti Å„ gbÃ¬yÃ njÃº gbogbo agbÃ¡ra ráº¹ tÃ­ o kÃ² sÃ¬ tÃ­Ã¬ rÃ­á¹£e, mÃ¡ á¹£e gbÃ¬yÃ njÃº tÃ bÃ­ báº¹ á»Œlá»Ìrun ráº¹ má»Ì, lá» jalÃ¨ dÃ­pÃ² báº¹Ìáº¹Ì€. BÃ³ tiláº¹Ì€ jáº¹Ì pÃ© wá»Ìn lÃ¨ mÃº á» kÃ­ wá»Ìn sÃ¬ pa á»Ì nÃ­bi to ti lá» jalÃ¨, á¹£Ã¹gbá»Ìn Ã wá»n tÃ­ Ã³ yáº¹ kÃ­ wá»Ìn rÃ n á»Ì lá»Ìwá»Ì tÃ­ wá»Ìn kÃ¹nÃ  lojÃº yÃ³Ã² tÃ¬.",sarcastic,sarcastic,sarcastic,sarcastic,Instagram,original
380,"TÃ­ o bÃ¡ rÃ­ Ã¨nÃ¬yÃ n mÃ©jÃ¬ tÃ­ wá»Ìn Å„ jÃ  páº¹Ì€lÃº ohun Ã¬jÃ  bÃ­ igi, mÃ¡ á¹£e fojÃº fo wá»Ìn, gbÃ¬yÃ njÃº lÃ¡ti lÃ  wá»Ìn. BÃ³ tiláº¹Ì€ jáº¹Ì pÃ© wá»Ìn lÃ¨ fá»Ì igi má»Ì áº¹ lÃ³rÃ­ tÃ­ Ã²o sÃ¬ gbabáº¹Ì€ kÃº, wÃ Ã¡ rÃ­ áº¹Ì€san gbÃ  lá»Ìdá»Ì€ á»Œlá»Ìrun",sarcastic,sarcastic,sarcastic,sarcastic,Instagram,original
381,"TÃ­ o bÃ¡ Å„ á¹£iyÃ¨mÃ©jÃ¬ bÃ³yÃ¡ á»Ì€ráº¹ÌkÃ¹nrin ráº¹ fáº¹ÌrÃ n ráº¹ tÃ bÃ­ báº¹Ìáº¹Ì€ ká»Ì, lÃ³yÃºn fÃºn un kÃ­ o lÃ¨ dÃ¡n-an wÃ², kÃ² sÃ¬ nÃ­ lÃ¨ fara pamá»Ì má»Ì. BÃ³ tiláº¹Ì€ jáº¹Ì pÃ© tÃ­ kÃ² bÃ¡ gbÃ , o lÃ¨ jÃ¬yÃ  kÃ­ o sÃ¬ dÃ¡ á»má» tá»Ì, á¹£Ã¹gbá»Ìn o ti má» irÃº Ã¨Ã¨yÃ n tÃ³ jáº¹Ì bÃ¡yáº¹n",sarcastic,sarcastic,sarcastic,sarcastic,Instagram,original
382,"KÃ² sÃ­ bÃ­ owÃ³ tÃ­ o Å„ rÃ­ nÃ­ Ã²kÃ¨ Ã²kun bÃ¡ á¹£e pÃ© tÃ³, mÃ¡ fi owÃ³ pamá»Ì tÃ bÃ­ kÃ­ o nÃ¡ owÃ³ lÃ³rÃ­ ara ráº¹. Na gbogbo owÃ³ yáº¹n lÃ³rÃ­ Ã wá»n áº¹bÃ­ ráº¹ kÃ­ Ã wá»n Ã¨Ã¨yÃ n mÃ¡ lÃ¨ fiwá»Ìn á¹£e yáº¹Ì€yáº¹Ì, bÃ³ tiláº¹Ì€ jáº¹Ì pÃ© o lÃ¨ di alÃ¡Ã¬nÃ­ kÃ­ o mÃ¡a tá»rá» jáº¹un.",sarcastic,sarcastic,sarcastic,sarcastic,Instagram,original
383,"NÃ­gbÃ  tÃ­ o bÃ¡ ti má»Ì€ pÃ© Ã wá»n áº¹Ì€gbá»Ìn tÃ bÃ­ Ã bÃºrÃ² ráº¹ Å„ gbÃ¬yÃ njÃº lÃ¡ti gbÃ© orÃºká» Ã¬dÃ­lÃ© yÃ­n ga, gbÃ¬yÃ njÃº lÃ¡ti ba orÃºká» Ã¬dÃ­lÃ© jáº¹Ì. NÃ­torÃ­ pÃ© bÃ­ gbogbo yÃ­n bÃ¡ Å„ á¹£e orÃ­ire nÃ­ Ã kÃ³kÃ² kan nÃ¡Ã , Ã¬dÃ­je lÃ¨ pá»Ì€ jÃ¹.",sarcastic,sarcastic,sarcastic,sarcastic,Instagram,original
384,"TÃ­ o bÃ¡ jáº¹ÌrÃ¬Ã­ sÃ­ apÃ nÃ¬yÃ n kan nÃ­lÃ© áº¹já»Ì, tÃ­ Ã³ sÃ¬ á¹£áº¹Ìgun nÃ­gbáº¹Ì€yÃ¬n-gbáº¹ÌyÃ­n, mÃ¡ á¹£e sÃ¡ kÃºrÃ² nÃ­ Ã¬lÃº. BÃ³ tiláº¹Ì€ jáº¹Ì pÃ© Ã³ lÃ¨ pa á»Ì tÃ­ o kÃ² bÃ¡ sÃ¡ lá», Ã³ ti kÃ³ bÃ¡a bÃ¡yáº¹n.",sarcastic,sarcastic,sarcastic,sarcastic,Instagram,original
385,"TÃ­ o bÃ¡ rÃ­ i pÃ© á»kÃ n Ã wá»n Ã²bÃ­ ráº¹ ti Å„ baláº¹Ì€ jÃ¹, mÃ¡a mu igbÃ³ dÃ­áº¹Ì€ dÃ­áº¹Ì€ kÃ­ o lÃ¨ mÃ¡a gbÃ© áº¹Ì€mÃ­ wá»n gbÃ³nÃ¡. ÃŒbÃ nÃºjáº¹ dÃ­áº¹Ì€ ayá»Ì€ dÃ­áº¹Ì€ lÃ¨Ã¨yÃ¡n fi nlo ilÃ© ayÃ©, bÃ³ tiláº¹Ì€ jáº¹Ì pÃ© igbÃ³ nÃ¡Ã  lÃ¨ padÃ  yÃ  á»Ì nÃ­ wÃ¨rÃ¨.",sarcastic,sarcastic,sarcastic,sarcastic,Instagram,original
386,"TÃ­ o bÃ¡ á¹£e Ã¬gbÃ©yÃ wÃ³ tÃ­ á»ká» ráº¹ báº¹Ì€ráº¹Ì€ sÃ­Ã­ á¹£e Ã gbÃ¨rÃ¨, mÃ¡ á¹£e fi Ã¬gbÃ©yÃ wÃ³ nÃ¡Ã  sÃ­láº¹Ì€ á¹£Ã¹gbá»Ìn kÃ­ o lá» á¹£e Ã¬wá» nÃ¡Ã  mÃ¡a á¹£e Ã gbÃ¨rÃ¨ lÃ¡ti gbáº¹Ì€san, bÃ³ tiláº¹Ì€ jáº¹Ì pÃ© áº¹Ì€yin mÃ©jÃ¨Ã¨jÃ¬ lÃ¨ padÃ  kÃ³ Ã kÃ³rÃ n nÃ­gbÃ  tÃ³ bÃ¡ yÃ¡.",sarcastic,sarcastic,sarcastic,sarcastic,Instagram,original
387,"TÃ­ o bÃ¡ bÃ­má» fÃºn á»kÃ¹nrin kan tÃ­ kÃ² sÃ¬ gbÃ  Ã¡, á¹£Ã¹gbá»Ìn tÃ­ o padÃ  wÃ¡ nÃ­gbÃ  tÃ­ á»má» nÃ¡Ã  bÃ¡ dÃ gbÃ , lÃ³yÃºn fÃºn láº¹Ìáº¹Ì€kan sÃ­i kÃ­ o lÃ¨ fi Ã­ á¹£e áº¹láº¹ÌyÃ , nÃ­torÃ­ pÃ© kÃ² sÃ­ obÃ¬nrin tÃ­ yÃ³Ã² fáº¹Ì fáº¹Ìáº¹ má»Ì, bÃ³ tiláº¹Ì€ jáº¹Ì pÃ© o lÃ¨ dÃ¡ Ã wá»n á»má» nÃ¡Ã  tá»Ì.",sarcastic,sarcastic,sarcastic,sarcastic,Instagram,original
388,"Gáº¹Ìgáº¹Ì bi á»kÃ¹nrin, Ã wá»n á»kÃ¹nrin áº¹gbáº¹Ìáº¹Ì€ ráº¹ lÃ³ yáº¹ kÃ³ mÃ¡a gbÃ© kÃ­ wá»Ìn lÃ¨ mÃ¡a fÃºn á» lÃ³wÃ³ láº¹ÌyÃ¬n Ã¬bÃ¡lÃ²pá»Ì€, bÃ³ tiláº¹Ì€ jáº¹ÌpÃ© Ã¬dÃ­ ráº¹ yÃ³Ã² bÃ jáº¹Ì",sarcastic,sarcastic,sarcastic,sarcastic,Instagram,original
389,"TÃ­ o bÃ¡ bÃ­má» tÃ³ Å„jalÃ¨, mÃ¡ bawÃ­ mÃ¡ sÃ¬ tÃº Ã á¹£Ã­rÃ­ ráº¹Ì€ sÃ­ta. Bo tiláº¹Ì€ jáº¹Ì wÃ­pÃ© Ã³ lÃ¨ jÃ¡ olÃ¨ nÃ¡Ã  tÃ­tÃ­ tÃ­ wá»Ìn yÃ³Ã² fi pÃ¡ dÃ nÃ¹, o darÃ¡ ju kÃ­ o tÃº Ã á¹£Ã­rÃ­ ráº¹Ì€ sÃ­ta",sarcastic,sarcastic,sarcastic,sarcastic,Instagram,original
390,"MÃ¡ sá» pÃ© o kÃ² nÃ­Ã­ fáº¹Ì obÃ¬nrin nÃ­torÃ­ pÃ© Ã³ ti lá» ilÃ© á»ká» bÃ­i máº¹Ìrin táº¹Ìláº¹Ì€, nÃ­torÃ­ o lÃ¨ jáº¹Ì Ã¬wá» ni áº¹ni tÃ­ a ká» papá»Ì€ fÃºn lÃ¡ti á»Ì€run",sarcastic,sarcastic,sarcastic,sarcastic,Instagram,original
391,"TÃ­ áº¹nÃ¬kan bÃ¡ jÃ­ á» gbÃ© tÃ­ o sÃ¬ nÃ­ Ã Ç¹fÃ Ã nÃ­ lÃ¡ti sÃ¡ Ã sÃ¡lÃ , o kÃ² gbá»dá»Ì€ sÃ¡ Ã sÃ¡lÃ . FojÃº inÃº wo gbogbo wÃ hÃ¡lÃ  tÃ­ áº¹ni tÃ­ Ã³ jÃ­ á» gbÃ© ti á¹£e kÃ­ Ã³ tÃ³ lÃ¨ jÃ­ á» gbÃ©.",sarcastic,sarcastic,sarcastic,sarcastic,Instagram,original
392,"TÃ­ o bÃ¡ fáº¹Ì á¹£e Ã¬gbÃ©yÃ wÃ³, tÃ­ o sÃ¬ Å„ á¹£iyÃ¨mÃ©jÃ¬ bÃ³yÃ¡ Ã³ yáº¹ kÃ­ o fáº¹Ì á»Ì€ráº¹ÌkÃ¹nrin ráº¹ tÃ­ Ã³ mÃ¡a Å„ lÃ¹ á»Ì nÃ­ gbogbo Ã¬gbÃ  tÃ bÃ­ kÃ­ o mÃ¡ fáº¹, Ã³ yáº¹ kÃ­ o fáº¹Ìáº¹, bÃ­ báº¹Ìáº¹Ì€ ká»Ì, o lÃ¨ mÃ¡a dÃ¡ ara ráº¹ láº¹Ìbi pÃ© o kÃ² fÃºn un nÃ­ Ã Ç¹fÃ Ã nÃ­ lÃ¡ti á¹£Ã yáº¹Ì€wÃ² bÃ³yÃ¡ Ã³ lÃ¨ yÃ­padÃ .",sarcastic,sarcastic,sarcastic,sarcastic,Instagram,original
393,"TÃ­ o bÃ¡ fáº¹Ì á»Ì€ráº¹ÌkÃ¹nrin ráº¹ tÃ³ mÃ¡a Å„ lÃ¹ á»Ì nÃ­ gbogbo Ã¬gbÃ , Ã³ sÃ n fÃºn á» nÃ­torÃ­ pÃ© Ã¬wá» yÃ³Ã² nÃ­ Ã¬rÃ­rÃ­ pÃºpá»Ì€ sÃ­ i, wÃ Ã¡ sÃ¬ lÃ¨ pÃ­n wá»n páº¹Ì€lÃº Ã wá»n á»má» Ã¬yÃ¡Ã  ráº¹.",sarcastic,sarcastic,sarcastic,sarcastic,Instagram,original
394,"TÃ­ olÃ© bÃ¡ njÃ  ni Ã dÃºgbÃ² yÃ­n lÃ³Ã²rÃ¨kÃ³Ã²rÃ¨, áº¹ mÃ¡ á¹£e pÃ¨ agbÃ³finrÃ³, nÃ­torÃ­ tÃ­ Ã wá»n olÃ¨ nÃ¡Ã  bÃ¡ nÃ­ á»Ì€nÃ  mÃ­rÃ n ni, wá»n kÃ² nÃ­ mÃ¡a jalÃ¨.",sarcastic,sarcastic,sarcastic,sarcastic,Instagram,original
395,"TÃ­ o bÃ¡ kÃ­yÃ¨sÃ­ wÃ­pÃ© á»Ì€ráº¹ÌbÃ¬nrin ráº¹ kÃ² fáº¹ÌrÃ n ráº¹, tÃ­ Ã³ sÃ¬ wÃ  páº¹Ì€lÃº ráº¹ nÃ­torÃ­ owÃ³, mÃ¡ á¹£e fiÃ­ sÃ­láº¹Ì€, nÃ­torÃ­ Ã³ mÃ¡a rÃ² pÃ© o ti Ã²Ãºn ti bÃºráº¹ÌdÃ¬ kÃ³ áº¹ lá»Ìbáº¹Ì€ jáº¹, bÃ³ tiláº¹Ì€ jáº¹Ì pÃ© o lÃ¨ padÃ  ma lÃ³wÃ³ lá»Ìwá»Ì má»Ì nÃ­gbáº¹Ì€yÃ¬n-gbáº¹ÌyÃ­n.",sarcastic,sarcastic,sarcastic,sarcastic,Instagram,original
396,"TÃ­ o bÃ¡ ti nrÃ­ oÃºnjáº¹ jáº¹ nÃ­ Ã kÃ³kÃ², mÃ¡ á¹£e dÃ Ã mÃº lÃ¡ti rÃ­ owÃ³ nÃ­torÃ­ pÃ© Ã¬dÃ Ã mÃº lÃ¡sÃ¡n nÃ­ Ã ti wÃ­pÃ© bÃ­ Ã wá»n áº¹bÃ­ ráº¹ bÃ¡ rÃ­i pÃ© o nÃ­ owÃ³, wá»n yÃ³Ã² mÃ¡a wÃ¡ bÃ¡ á» fÃºn owÃ³, bÃ³ tiláº¹Ì€ jáº¹Ì pÃ© o lÃ¨ padÃ  wá»nÃº Ã¬á¹£áº¹Ì láº¹ÌyÃ¬n nÃ¡Ã .",sarcastic,sarcastic,sarcastic,sarcastic,Instagram,original
397,"MÃ¡ tÃ­ torÃ­ wÃ­pÃ© o wÃ  nÃ­nÃº Ã¬gbÃ©yÃ wÃ³ kÃ­ o fÃ yÃ  gba á»rá» lÃ¡ti á»Ì€dá» á»ká» ráº¹ lÃ³Ã²rÃ¨kÃ³Ã²rÃ¨, kÃ­ o mÃ¡a kÃºrÃ² nÃ­lÃ© á»ká» lÃ³ dÃ¡ra, tÃ­tÃ­ yÃ³Ã² fi táº¹Ì á» lá»ÌrÃ¹n",sarcastic,sarcastic,sarcastic,sarcastic,Instagram,original
398,"áº¸Ì€yin ti Morocco, áº¹ fi aá¹£o Ã¬nujÃº wa tÃ­ áº¹ mÃº nu omijÃ© bÃ­ áº¹ ti wo luláº¹Ì€ nÃ­ Ã¬pele Ã á¹£ekÃ¡gbÃ¡ Ã¬dÃ­je AFCON lá»Ìjá»Ì Ã€Ã¬kÃº",sarcastic,sarcastic,non-sarcastic,sarcastic,Facebook,original
399,"Aá¹£á» Ã² bÃ¡ á»má»Ìyáº¹ Super Eagles má»Ì, iká»Ì€ agbÃ¡bá»Ìá»Ì€lÃ¹ NÃ Ã¬jÃ­rÃ­Ã  ti rÃ¬n wá»jÃ , DR Congo lo tÃ¬ wá»Ìn dÃ nÃ¹ lÃ³jÃº Ã²nÃ  Ã ti pegedÃ© fÃºn Ã¬dÃ­je ÃŒfe Ãˆyáº¹ Ã€gbÃ¡yÃ© 2026",sarcastic,sarcastic,non-sarcastic,sarcastic,BBC News,original
400,"TÃ­ wá»Ìn bÃ¡ á¹£e atá»ÌnÃ  fÃºn Ã wá»n á»má» tÃ³ Å„ á¹£e ""Yahoo"", wá»Ìn mÃ¡a wÃºlÃ² lÃ¡ti mÃº Ã¬gbÃ©ga bÃ¡ orÃ­láº¹Ì€ Ã¨dÃ¨.",sarcastic,sarcastic,non-sarcastic,sarcastic,BBC News,original
401,áº¸ni tÃ³ kÃ©ká»Ì€á»Ì gboyÃ¨ fÃ¡sitÃ¬ sÃ n ju bÃ bÃ¡ olÃ³wÃ³ tÃ­ kÃ² kÃ wÃ© lá»,sarcastic,sarcastic,non-sarcastic,sarcastic,BBC News,original
402,Mo fi Ã kÃ³kÃ² yÃ­ rá» gbogbo Ã wá»n alÃ¡tÃ¬láº¹ÌyÃ¬n Manchester United lÃ¡ti jáº¹ oÃºnjáº¹ aláº¹Ì wá»n kÃ­ wá»Ìn tÃ³ lá» wo erÃ© bá»Ìá»Ì€lÃ¹ nÃ¡Ã . NÃ­torÃ­ iá¹£u Manchester United ma sÃ¹n sÃ­nÃº epo Liverpool lÃ³nÃ¬Ã­,sarcastic,sarcastic,non-sarcastic,sarcastic,BBC News,original
403,"áº¸Ì€dÃ¡ Ã² lÃ¡rÃ²pin! AnfÃ Ã nÃ­ Ã€dÃºgbÃ² FC, Ã¬yáº¹n Manchester United, tÃ¡yÃ© ti sá» irÃ¨tÃ­ nÃ¹ lÃ³rÃ­ wá»n lu Liverpool lÃ¡lÃ¹mÃ³lÃ¨ bÃ­ Ã pÃ² áº¹Ì€wÃ ",sarcastic,sarcastic,non-sarcastic,sarcastic,BBC News,original
404,"Arsenal Erin lÃ¡kÃ¡tabÃº Oriogbade FC ti gÃ²kÃ¨ Ã lá»Ì€, Fulham ni wá»Ìn fi È™e Ã¬rÃºbá» Ã ti gorÃ­ tÃ¡bÃ¬lÃ¬ EPL",sarcastic,sarcastic,sarcastic,sarcastic,BBC News,original
405,"LÃ³rÃ­ erinlÃ¡kÃ¡tabÃº Arsenal tÃ³ Å„ pa kÃºkÃºrÃº, tÃ³ Å„ pa gÃºngÃ¹n ninu EPL yÃ¬Ã­, BÃ bÃ¡ gba á»páº¹Ì wa",sarcastic,sarcastic,sarcastic,sarcastic,BBC News,original
406,"Láº¹ÌyÃ¬n Ã¬á¹£áº¹ÌjÃº mÃ³kÃ nlÃ©lÃ³gÃºn ifesewonse páº¹Ì€lÃº Chelsea, áº¹gbáº¹Ì agbÃ¡bá»Ìá»Ì€lÃ¹ Nottingham Forest fi á»wá»Ì Ã²sÃ¬ jÃºwe ilÃ© fÃºn Ange Postecoglou bÃ­i aká»Ìnimá»Ì€á»ÌgbÃ¡",sarcastic,sarcastic,non-sarcastic,sarcastic,BBC News,original
407,"Ã€wá»n á»má» Ã¬yÃ¡ alÃ¡rÃ³, Ã¬yáº¹n Chelsea, fáº¹ÌrÃ n kÃ¡Ã dÃ¬ pÃ¹pÃ¡ pÃºpá»Ì€ ğŸ˜‚ğŸ˜‚",sarcastic,sarcastic,sarcastic,sarcastic,Facebook,original
408,"áº¸Ì€jáº¹Ì€ láº¹Ìnu á»Ì€darÃ n, AnÃ­yÃ¬kÃ¡yÃ©, Ã¬yáº¹n Chelsea, fÃºn Nottingham Forest lá»ÌrÃ¹n pa bÃ­ Ã³ tiláº¹Ì€ jáº¹Ì pÃ© wá»Ìn È˜Ã©pÃ¨ kÃ¡Ã dÃ¬ pupa fÃºn wá»n",sarcastic,sarcastic,sarcastic,sarcastic,BBC News,original
409,"Hmmm, Oshimen faká»yá» á¹£Ã¹gbá»Ìn áº¹ni tÃ­ a lÃ¨ mÃº nÃ­ Ã  Å„ láº¹Ì€dÃ­ má»Ì lÃ³ bÃ¡ dÃ© nÃ­ pÃ¡pÃ¡ Ã¬á¹£erÃ© Uyo lÃ¡láº¹Ì yÃ¬Ã­ páº¹Ì€lÃº Benin Republic ",sarcastic,sarcastic,sarcastic,sarcastic,BBC News,original
410,Super Eagles fi Benin Republic È™e Ã sun páº¹Ì€lÃº Ã¬rÃ¨tÃ­ lÃ¡ti lá» fÃºn Ã¬dÃ­je Ife áº¸Ì€yáº¹ Ã€gbÃ¡yÃ©,sarcastic,sarcastic,sarcastic,sarcastic,BBC News,original
411,"ÃŒyÃ wÃ³ dÃ¹n lá»ÌsÃ¬ngÃ­n! GÃ³mÃ¬nÃ  Abba Kabir Yusuf ti Ã¬pÃ­nláº¹Ì€ Kano, nÃ­ Ã¬já»ba Ã²un yÃ³Ã² á¹£áº¹Ìgun Ã gbÃ¨rÃ¨ á¹£Ã­á¹£e lÃ¡tÃ rÃ­ Ã Ã¬ lá»Ìká»-lÃ¡ya",sarcastic,sarcastic,non-sarcastic,sarcastic,BBC News,original
412,"ÃŒjá»ba Kano fáº¹Ìáº¹Ì È™e igbÃ©yÃ wÃ³ fÃºn Ã¨Ã¨yÃ n áº¹gbáº¹Ì€rÃºn mÃ©ji lÃ¡ti ran Ã wá»n tÃ­ kÃ² r'Ã³wÃ³ È™e Ã© lÃ³wÃ³, dáº¹Ìkun á¹£Ã¬nÃ¡ á¹£Ã­á¹£e",sarcastic,sarcastic,non-sarcastic,sarcastic,BBC News,original
413,"Ã€yÃ nmÃ³ Super Eagles NÃ Ã¬jÃ­rÃ­Ã  tÃºn yÃ­ bÃ­rÃ­ bÃ­rÃ­ nÃ­ Ã¬rÃ¬nÃ jÃ² Ã ti pegedÃ© fÃºn Ã¬dÃ­je Ife áº¸Ì€yáº¹ Ã€gbÃ¡yÃ©, bÃ³ tiláº¹Ì€ jáº¹Ì pÃ© wá»Ìn yan Lesotho jáº¹",non-sarcastic,non-sarcastic,non-sarcastic,non-sarcastic,BBC News,original
414,Ã€sikÃ² tÃ­ wá»Ìn mÃ¡a Å„ sá» pÃ© orÃ­lÃ©Ã¨dÃ¨ Naijiria ni Ã¬wÃ  Ã¬bÃ jáº¹Ì tÃ³ pÃ² jÃ¹lá» lÃ¡gbÃ Ã¡yÃ© ti ká»jÃ¡,sarcastic,sarcastic,non-sarcastic,sarcastic,BBC News,original
415,"AnÃ­yikÃ¡yÃ© FC Ã¬yáº¹n Chelsea bÃ­nÃº tÃ¡n, Ã²rÃ²má» adÃ¬yáº¹ wá»n fi Ã á¹£Ã¡ Liverpool á¹£e SÃºyÃ  jáº¹",sarcastic,sarcastic,non-sarcastic,sarcastic,BBC News,original
416,"Ã€nfÃ Ã nÃ­ Ã€dÃºgbÃ² iyen Manchester United, tá»Ì Ã á¹£eyorÃ­ wÃ², wá»Ìn kanra lu Sunderland lÃ³nÃ¬Ã­",sarcastic,sarcastic,non-sarcastic,sarcastic,BBC News,original
417,"Oriogbade Arsenal yarÃ­ kanláº¹Ì€, Ã lÃ¹má»Ìláº¹Ì€ bÃ­ Ã¬lÃº báº¹Ì€Ç¹báº¹Ì ni wá»Ìn lu West Ham nÃ­ Emirates",sarcastic,sarcastic,non-sarcastic,sarcastic,BBC News,original
418,"KÃ² sÃ­ bÃ­ o bÃ¡ á¹£e Å„ jÃ¬yÃ  tÃ³, mÃ¡ á¹£e bÃ©Ã¨rÃ¨ Ã¬rÃ nlá»Ìwá»Ì lá»Ìwá»Ì áº¹nikáº¹Ìni. BÃ³ tiláº¹Ì€ jáº¹Ì pÃ© o lÃ¨ kÃº nÃ­gbÃ  sÃ³rÃ­ Ã¬jÃ¬yÃ  nÃ¡Ã , kÃ² sÃ­ áº¹ni tÃ­ yÃ³Ã² lÃ¨ sá» pÃ© Ã²un ti rÃ n á»Ì lá»Ìwá»Ì rÃ­",sarcastic,sarcastic,sarcastic,sarcastic,BBC News,original
419,"TÃ­ o bÃ¡ má»Ì€ pÃ© á»Ì€ráº¹ÌkÃ¹nrin ráº¹ mÃ¡a Å„ á¹£e Ã²Ã²gÃ¹n owÃ³, mÃ¡ á¹£e sÃ¡ fÃºn. BÃ³ tiláº¹Ì€ jáº¹Ì pÃ© Ã³ lÃ¨ padÃ  lÃ² á»Ì fÃºn Ã²Ã²gÃ¹n owÃ³, tÃ­ o sÃ¬ mÃ¡a kÃº, tÃ¬ráº¹ ni yÃ³Ã² jáº¹Ì Ã¬káº¹yÃ¬n.",sarcastic,sarcastic,sarcastic,sarcastic,BBC News,original
420,"BÃ ba kÃºdÃ­ ga nÃ­ Ã¨nÃ¬yÃ n, Ã³ kÃ n nÃ­lÃ¡tÃ­ gun Ã ga kÃ­ áº¹ tÃ³ Ã³ ri nÃ­ Ã Ã¡rÃ­n á»Ì€pá»Ì€ Ã¨nÃ¬yÃ n",sarcastic,sarcastic,sarcastic,sarcastic,Crowdsourcing,original
421,"O ti yÃ³ lo wÃ­, o sÃ¬ á¹£Ã­wá»Ì nÃ­dÃ¬ Ã€mÃ lÃ ",sarcastic,sarcastic,non-sarcastic,sarcastic,Crowdsourcing,original
422,"O kÃ² láº¹Ìjá»Ì lÃ¡ti rÃ², áº¹nu ráº¹ kÃ² sÃ¬ dÃºrÃ³",sarcastic,sarcastic,sarcastic,sarcastic,Crowdsourcing,original
423,"Mo lÃ¡á¹£á», mo lÃ¡á¹£á», abÃ¡já» tÃ­ wá»Ìn fi á¹£i á»Ì€ kÃ³ má»Ì wÃ¨rÃ¨",sarcastic,sarcastic,sarcastic,sarcastic,Crowdsourcing,original
424,"Ã“ jáº¹un Ã³ yÃ³ lÃ³tÃ¬tá»Ì, bÃ­báº¹Ìká»Ì€ yÃ³Ã² ti á¹£e gbÃ© abá»Ì agbe",sarcastic,sarcastic,non-sarcastic,sarcastic,Crowdsourcing,original
425,Ara mi kÃ² gba Ã¨pÃ¨ ni kÃ² jáº¹ ki n á¹£Ã­láº¹Ì€kÃ¹n fÃºn á»Ì€tÃ¡,non-sarcastic,sarcastic,non-sarcastic,non-sarcastic,Crowdsourcing,original
426,"MÃ² n bá»Ì€, n Ã² tÃ­ Ã¬ dÃ©",non-sarcastic,non-sarcastic,non-sarcastic,non-sarcastic,Crowdsourcing,original
427,"TÃ³ bÃ¡ dÃ© odÃ² áº¹ni tÃ­ mo rÃ¡n áº¹ lá» á¹£e Ã báº¹Ì€wÃ² ráº¹Ì€, nÃ­ á¹£e ni ko sÃ¹n sÃ­báº¹Ì€, sÃ© o gbá»Ì? ",sarcastic,sarcastic,sarcastic,sarcastic,Crowdsourcing,original
428,TÃ­tÃ­ má»Ì€wÃ© ju kÃ­ Ã³ á¹£e ipÃ² kÃ­nÃ­ lá»,sarcastic,sarcastic,sarcastic,sarcastic,Crowdsourcing,original
429,"áº¸ni tÃ­ a nÃ­ kÃ­ Ã³ se nÇ¹kan, tÃ­ o jáº¹ wÃ­pÃ© Ã²dÃ¬ lÃ³ Å„ á¹£e",non-sarcastic,non-sarcastic,non-sarcastic,non-sarcastic,Crowdsourcing,original
430,"NÃ­gbÃ  tÃ­ o padÃ  lÃ³wÃ³ lá»Ìwá»Ì nÃ­gbáº¹Ì€yÃ¬n-gbáº¹ÌyÃ­n nÃ­ Ã¬gbÃ©sÃ­ ayÃ© ráº¹, mÃ¡ á¹£e gbÃ gbÃ© Ã wá»n tÃ­ wá»Ìn Å„ rÃ n á»Ì lá»Ìwá»Ì kÃ­ owÃ³ tÃ³ dÃ©, kÃ­ o tÃ¨bÃ¨ sá» Ã²Ç¹kÃ  Ã¬pÃ¨ wá»n dÃ nÃ¹ kÃ­ wá»Ìn tÃ³ rÃ¡ntÃ­ ráº¹, bÃ³ tiláº¹Ì€ jáº¹Ì pÃ© á»Œlá»Ìrun lÃ¨ fÃ¬yÃ  jáº¹ á»Ì nÃ­torÃ­ nÃ¡Ã .",sarcastic,sarcastic,sarcastic,sarcastic,Instagram,original
431,"TÃ­ o bÃ¡ ti bÃ­ á»má» kan tÃ­ o kÃ² sÃ¬ nÃ­ owÃ³ lÃ¡ti ká»Ì á», bÃ­ á»má» mÃ©jÃ¬ sÃ­ i. Ã€wá»n máº¹Ìtáº¹Ì€áº¹Ì€ta yÃ³Ã² mÃ¡a á¹£e wÃ hÃ¡lÃ  papá»Ì€ nÃ­gbÃ  tÃ³ bÃ¡ yÃ¡, bÃ³ tiláº¹Ì€ jáº¹Ì pÃ© o lÃ¨ mÃ¡ jÃ Ç¹fÃ Ã nÃ­ Ã¨yÃ­kÃ©yÃ¬Ã­ nÃ­nÃº wá»n.",sarcastic,sarcastic,sarcastic,sarcastic,Instagram,original
432,"TÃ­ o bÃ¡ Å„ á¹£e Ã¬wÃ  áº¹Ì€tÃ n tÃ­ agbÃ³finrÃ³ NÃ Ã¬jÃ­rÃ­Ã  kan bÃ¡ gbÃ¡ á» mÃº, jáº¹Ì kÃ­ wá»Ìn á¹£Ã yáº¹Ì€wÃ² áº¹Ì€rá» Ã¬bÃ¡nisá»Ì€rá»Ì€ ráº¹ kÃ­ o sÃ¬ sá» ohun tÃ­ o Å„ á¹£e fÃºn wá»n, bÃ³ tiláº¹Ì€ jáº¹Ì wÃ­pÃ© o lÃ¨ padÃ  á¹£áº¹Ì€wá»Ì€n",sarcastic,sarcastic,sarcastic,sarcastic,Instagram,original
433,"TÃ­ o bÃ¡ jáº¹Ì á»kÃ¹nrin tÃ­ o sÃ¬ Å„ rÃ­ owÃ³, fi owÃ³ dÃ¡ á»Ì€ráº¹ÌbÃ¬nrin ráº¹ lÃ³ko Ã²wÃ² kÃ­ o tÃ³ tá»ÌjÃº Ã wá»n Ã²bÃ­ ráº¹, bÃ³ tiláº¹Ì€ jáº¹Ì pÃ© Ã³ lÃ¨ fi á»Ì sÃ­láº¹Ì€ nÃ­gbÃ  tÃ­ o kÃ² bÃ¡ lÃ³wÃ³ lá»Ìwá»Ì má»Ì, Ã má»Ì o ti á¹£e Ã¬gbÃ¬yÃ njÃº.",sarcastic,sarcastic,sarcastic,sarcastic,Instagram,original
434,"TÃ­ o bÃ¡ fáº¹Ì gbÃ©yÃ wÃ³ tÃ­ o sÃ¬ nÃ­ lÃ¡ti yan lÃ¡Ã rÃ­n áº¹ni tÃ­ Ã³ nÃ­ Ã¬dÃ­ Å„lÃ¡ Ã ti áº¹ni tÃ­ Ã³ nÃ­ Ã¬wÃ  rere, o yáº¹ kÃ­ o yan Ã¨yÃ­ Ã ká»Ìká»Ì fÃºn lÃ¡ti lÃ¨ mÃ¡a fi yangÃ n, bÃ³ tiláº¹Ì€ jáº¹Ì pÃ© Ã³ lÃ¨ mÃ¡a dÃ Ã mÃº Ã¬gbÃ©sÃ­ ayÃ© ráº¹ Ã ti ti Ã¬dÃ­lÃ© ráº¹ nÃ­gbÃ  tÃ³ bÃ¡ yÃ¡.",sarcastic,sarcastic,sarcastic,sarcastic,Instagram,original
435,"TÃ­ olÃ¨ bÃ¡ Å„ jalÃ¨ nÃ­bÃ¬ kan tÃ­ Ã wá»n Ã¨nÃ¬yÃ n sÃ¬ Å„ sÃ¡ lá», mÃ¡ á¹£e sÃ¡ lá», bÃ­ báº¹Ìáº¹Ì€ ká»Ì, wá»Ìn Ã¡ rÃ­ á» gáº¹Ìgáº¹Ì bÃ­ ojo, bÃ³ tiláº¹Ì€ jáº¹Ì pÃ© wá»Ìn lÃ¨ pa á»Ì.",sarcastic,sarcastic,sarcastic,sarcastic,Instagram,original
436,"NÃ­torÃ­ pÃ© o kÃ² nÃ­ owÃ³ kÃ² tÃºmá»Ì€ sÃ­ pÃ© o kÃ² gbá»Ìdá»Ì€ fáº¹Ì Ã¬yÃ wÃ³ mÃ©jÃ¬, nÃ­torÃ­ pÃ© Ã¬yÃ wÃ³ kejÃ¬ lÃ¨ mÃº orÃ­ire wÃ¡ fÃºn Ã¬dÃ­lÃ© ráº¹, bÃ³ tiláº¹Ì€ jáº¹Ì pÃ© gbogbo yÃ­n lÃ¨ kÃº sÃ­nÃº Ã¬yÃ ",sarcastic,sarcastic,sarcastic,sarcastic,Instagram,original
